district,subdistrict,unit_index,form_type,vote_phase,ballot_total,ballot_valid,ballot_invalid,ballot_no_vote,กรีน,กล้าธรรม,ก้าวอิสระ,ครูไทยเพื่อประชาชน,คลองไทย,ความหวังใหม่,ทางเลือกไทย,ท้องที่ไทย,ประชากรไทย,ประชาชน,ประชาชาติ,ประชาธิปัตย์,ประชาธิปไดยใหม่,ประชาอาสาชาติ,ประชาไทย,ปวงชนไทย,พร้อม,พลวัต,พลังธรรมใหม่,พลังประชารัฐ,พลังสังคมใหม่,พลังเพื่อไทย,พลังไทยรักชาติ,ฟิวชัน,ภูมิใจไทย,มิติใหม่,รวมพลังประชาชน,รวมใจไทย,รวมไทยสร้างชาติ,รักชาติ,วิชชั่นใหม่,สร้างอนาคตไทย,สังคมประชาธิปไดยไทย,อนาคตไทย,เครือข่ายชาวนาแห่งประเทศไทย,เป็นธรรม,เพื่อชาติไทย,เพื่อชีวิตใหม่,เพื่อบ้านเมือง,เพื่อไทย,เศรษฐกิจ,เสรีรวมไทย,แผ่นดินธรรม,แรงงานสร้างชาติ,โอกาสใหม่,ใหม่,ไทยก้าวหน้า,ไทยก้าวใหม่,ไทยชนะ,ไทยทรัพย์ทวี,ไทยธรรม,ไทยพร้อม,ไทยพิทักษ์ธรรม,ไทยภักดี,ไทยรวมไทย,ไทยสร้างไทย,ไทรวมพลัง,vote_sum,vote_mismatch,invalid_ratio,no_vote_ratio,turnout,winner_votes,winner_ratio,winner_margin,vote_entropy,integrity_score,anomaly_iforest,anomaly_dbscan,anomaly_type,source_row_id,latitude,longitude,latlong_location,is_integrity_or_anomaly_issue,issue_num,mixed_kmeans_cluster,geo_dbscan_cluster
ควนขนุน,ควนขนุน(เทศบาล),1,partylist,election_day,256,238,11,7,0,0,0,0,4,0,0,0,0,34,0,108,1,0,0,0,0,0,0,1,0,0,0,0,56,0,1,0,9,0,0,0,0,0,0,0,2,1,1,12,1,1,0,0,0,0,1,1,0,1,0,0,0,3,0,0,0,238,0,0.04296875,0.02734375,0.9296875,108.0,0.453781512605042,0.2184873949579832,1.6453490992487043,97.3046875,False,True,UNUSUAL_VOTING_PATTERN,0,7.734476799999999,100.0124479,อาคารอเนกประสงค์ สำนักงานเทศบาลตำบลควนขนุน,True,1,1,0
ควนขนุน,ควนขนุน(เทศบาล),2,partylist,election_day,337,320,8,9,0,1,0,0,0,0,1,0,0,45,0,137,2,0,0,0,1,0,0,0,0,0,0,0,87,0,0,0,8,1,0,1,0,0,0,0,2,0,0,15,7,0,0,0,1,0,0,2,0,1,0,0,0,8,0,0,0,320,0,0.0237388724035608,0.0267062314540059,0.9495548961424332,137.0,0.428125,0.15625,1.6259982551336982,98.27893175074183,False,True,UNUSUAL_VOTING_PATTERN,1,7.733656099999999,100.007411,อาคารหอประชุม โรงเรียนบ้านควนขนุน,True,1,1,0
ควนขนุน,ควนขนุน(เทศบาล),3,partylist,election_day,403,390,8,5,0,0,0,0,1,0,0,0,0,51,0,146,4,0,0,0,0,1,0,0,0,0,0,0,117,0,0,0,11,0,0,1,0,0,0,0,2,0,2,31,5,3,0,0,0,2,0,1,0,3,0,0,0,8,0,1,0,390,0,0.0198511166253101,0.0124069478908188,0.967741935483871,146.0,0.3743589743589743,0.0743589743589743,1.7120110162904258,98.75930521091811,False,False,NORMAL,2,7.737481399999999,100.0066003,ศาลาการเปรียญ วัดสุวรรณวิชัย,False,0,1,0
ควนขนุน,ควนขนุน(เทศบาล),4,partylist,election_day,206,199,3,4,0,2,0,0,0,0,1,0,0,34,0,79,2,0,0,0,0,0,1,0,0,0,0,0,51,0,0,0,6,0,0,0,1,0,0,0,1,0,0,13,2,1,0,0,0,0,0,0,0,1,0,0,0,4,0,0,0,199,0,0.0145631067961165,0.0194174757281553,0.9660194174757282,79.0,0.3969849246231156,0.1407035175879397,1.6782058074330737,98.88349514563107,False,False,NORMAL,3,7.7484794,100.0080005,อาคารพ่อท่านนะ วัดสุวรรณวิชัย,False,0,1,0
ควนขนุน,ควนขนุน,1,partylist,election_day,384,365,11,8,0,0,0,0,2,0,1,0,0,46,0,215,3,0,0,1,0,1,1,0,0,1,0,0,41,0,1,2,6,0,0,0,0,0,0,0,3,2,0,29,2,1,0,0,1,1,0,0,5,0,0,0,0,0,0,0,0,365,0,0.0286458333333333,0.0208333333333333,0.9505208333333334,215.0,0.589041095890411,0.4630136986301369,1.484425266885348,98.15104166666666,False,False,NORMAL,4,7.7485644,100.007979,ศาลาประจำหมู่บ้านบ้านควนบก,False,0,0,0
ควนขนุน,ควนขนุน,2,partylist,election_day,305,301,4,0,0,1,0,0,1,6,0,0,0,15,0,202,8,0,0,0,0,2,0,0,0,1,0,0,30,0,0,2,5,0,0,0,1,0,0,0,2,0,0,10,4,1,0,0,0,0,1,0,1,7,0,0,0,0,0,0,1,301,0,0.0131147540983606,0.0,0.9868852459016394,202.0,0.6710963455149501,0.5714285714285714,1.3990992662319806,99.34426229508196,False,False,NORMAL,5,7.7484794,100.0080005,ศาลา อพป.บ้านดอนนูด,False,0,0,0
ควนขนุน,ควนขนุน,3,partylist,election_day,639,612,17,10,0,0,0,2,0,0,0,0,0,70,1,371,7,0,0,0,0,4,1,2,0,1,0,0,99,2,0,0,5,0,1,0,1,0,0,0,3,0,2,23,3,2,0,0,0,1,0,3,0,3,0,0,0,4,0,1,0,612,0,0.0266040688575899,0.0156494522691705,0.9577464788732394,371.0,0.6062091503267973,0.4444444444444444,1.3967770552825187,98.35680751173707,False,False,NORMAL,6,7.747440399999999,99.9966606,ศาลาประจำหมู่บ้านบ้านโคกวัด,False,0,0,0
ควนขนุน,ควนขนุน,4,partylist,election_day,707,671,32,4,0,1,0,0,1,4,5,0,1,89,0,371,12,0,2,0,0,4,0,0,0,0,1,1,99,0,1,3,2,0,0,1,1,1,0,0,7,1,1,27,11,2,0,1,0,1,2,0,1,12,0,1,0,4,0,0,0,671,0,0.0452616690240452,0.0056577086280056,0.9490806223479492,371.0,0.5529061102831595,0.405365126676602,1.6332642524349688,97.62376237623762,False,False,NORMAL,7,7.7516832,100.0132899,ศาลาประจำหมู่บ้านบ้านโคกวา,False,0,0,0
ควนขนุน,ควนขนุน,5,partylist,election_day,381,368,8,5,0,1,0,0,1,0,1,0,1,33,0,214,2,0,1,0,0,10,0,0,0,0,0,0,61,0,0,0,11,0,0,0,0,0,0,0,0,1,0,19,3,0,0,0,0,3,1,1,2,1,0,0,0,1,0,0,0,368,0,0.0209973753280839,0.0131233595800524,0.9658792650918636,214.0,0.5815217391304348,0.4157608695652174,1.4809681978244325,98.68766404199476,False,False,NORMAL,8,7.764699,100.0024084,ศาลาประจำหมู่บ้านบ้านเพิง,False,0,0,1
ควนขนุน,ควนขนุน,6,partylist,election_day,623,599,22,2,2,0,0,0,1,0,1,0,0,87,3,347,2,0,0,0,0,5,0,1,0,1,2,1,74,0,3,1,3,1,1,0,0,0,0,0,4,0,1,40,4,4,0,0,0,1,0,0,1,5,0,0,0,1,0,1,1,599,0,0.0353130016051364,0.0032102728731942,0.9614767255216692,347.0,0.5792988313856428,0.4340567612687813,1.501969435902883,98.1701444622793,False,False,NORMAL,9,7.7625474,100.0007649,ศาลาประจำหมู่บ้านบ้านควนพลี,False,0,0,1
ควนขนุน,ควนขนุน,7,partylist,election_day,374,361,8,5,0,0,0,0,1,1,2,0,0,62,2,157,5,0,1,1,0,2,1,0,0,0,0,0,89,0,1,0,4,0,0,0,0,0,0,0,3,0,0,17,4,1,0,0,0,0,1,0,0,3,0,1,0,2,0,0,0,361,0,0.0213903743315508,0.0133689839572192,0.96524064171123,157.0,0.4349030470914127,0.1883656509695291,1.654416510423701,98.66310160427808,False,False,NORMAL,10,7.764699,100.0024084,ศาลาประจำหมู่บ้านบ้านโพธิ์,False,0,1,1
ควนขนุน,ควนขนุน,8,partylist,election_day,208,204,4,0,0,0,0,0,0,0,2,0,0,20,0,101,0,0,0,0,1,1,0,0,0,0,0,0,48,0,0,2,6,0,0,0,0,0,0,0,3,0,1,11,3,0,0,0,0,0,0,0,1,0,0,0,0,4,0,0,0,204,0,0.0192307692307692,0.0,0.9807692307692308,101.0,0.4950980392156863,0.2598039215686274,1.573530234479,99.03846153846152,False,False,NORMAL,11,7.764699,100.0024084,ศาลาประจำหมู่บ้านบ้านข่อยม้า,False,0,0,1
ควนขนุน,ควนขนุน,9,partylist,election_day,80,78,1,1,0,0,0,0,0,0,0,0,0,15,0,23,2,1,0,0,0,0,0,0,0,0,0,0,24,0,0,0,4,0,0,0,0,0,0,0,0,0,0,6,2,0,0,0,0,0,0,0,0,0,0,0,0,1,0,0,0,78,0,0.0125,0.0125,0.975,24.0,0.3076923076923077,0.0128205128205128,1.6890327383134127,99.125,True,True,UNUSUAL_VOTING_PATTERN,12,7.735698699999999,100.0077949,ศาลาประจำหมู่บ้าน หมู่ที่ 9 บ้านควนขนุน,True,1,1,0
ควนขนุน,ชะมวง,1,partylist,election_day,573,564,7,2,0,0,0,0,0,0,0,0,0,80,0,316,2,0,3,0,0,6,0,1,1,0,1,0,101,1,0,2,10,0,0,0,0,0,0,0,0,0,3,22,0,1,0,1,0,2,0,1,0,6,0,0,0,4,0,0,0,564,0,0.0122164048865619,0.0034904013961605,0.9842931937172776,316.0,0.5602836879432624,0.3812056737588652,1.4337608556421193,99.31937172774867,False,False,NORMAL,13,7.7438149,99.9698974,ศาลาประจำหมู่บ้านบ้านชะมวง,False,0,0,0
ควนขนุน,ชะมวง,2,partylist,election_day,194,177,11,6,0,0,0,0,0,0,1,0,0,14,0,83,3,0,0,0,0,2,0,0,0,0,0,0,46,0,0,0,6,0,0,0,0,0,0,0,3,0,0,12,2,1,0,0,0,0,0,0,0,2,0,2,0,0,0,0,0,177,0,0.056701030927835,0.0309278350515463,0.9123711340206184,83.0,0.4689265536723164,0.2090395480225988,1.602509251841952,96.54639175257732,False,True,UNUSUAL_VOTING_PATTERN,14,7.7408104,99.9839132,ศาลาการเปรียญวัดพิกุลทอง,True,1,1,0
ควนขนุน,ชะมวง,3,partylist,election_day,545,523,13,9,0,1,0,0,0,0,1,0,1,51,1,305,0,0,0,0,0,7,0,0,0,1,0,0,96,0,1,1,2,1,0,1,0,0,0,0,2,1,0,26,5,5,0,0,0,1,0,0,0,9,0,0,0,4,0,0,0,523,0,0.0238532110091743,0.0165137614678899,0.9596330275229358,305.0,0.5831739961759083,0.3996175908221797,1.4299166972692336,98.4770642201835,False,False,NORMAL,15,7.7885424,99.9643809,ศาลาประจำหมู่บ้านบ้านศาลาตำเสา,False,0,0,-1
ควนขนุน,ชะมวง,4,partylist,election_day,185,180,2,3,1,0,0,0,0,0,2,0,0,27,2,80,3,0,0,1,0,2,0,0,0,0,0,0,53,0,1,0,0,0,0,0,0,0,0,0,0,0,1,4,0,0,0,0,0,0,1,0,0,2,0,0,0,0,0,0,0,180,0,0.0108108108108108,0.0162162162162162,0.972972972972973,80.0,0.4444444444444444,0.15,1.5020602435054693,99.13513513513512,False,False,NORMAL,16,7.7419453,99.9723573,ศาลาประจำหมู่บ้านบ้านหนักขัน,False,0,0,0
ควนขนุน,ชะมวง,5,partylist,election_day,511,490,16,5,0,2,0,0,1,0,0,0,0,45,0,278,4,0,1,1,0,4,0,0,0,0,0,0,91,0,0,4,2,1,0,0,1,0,0,0,3,0,2,38,2,1,0,0,0,0,0,0,0,7,0,0,0,1,0,1,0,490,0,0.0313111545988258,0.009784735812133,0.958904109589041,278.0,0.5673469387755102,0.3816326530612245,1.452379088052412,98.23874755381604,False,False,NORMAL,17,7.753196000000001,99.9551971,ศาลาประจำหมู่บ้านบ้านไสเตียน,False,0,0,-1
ควนขนุน,ชะมวง,6,partylist,election_day,326,317,4,5,0,0,0,0,1,0,1,0,0,33,2,162,1,0,0,0,0,6,1,0,0,1,0,0,77,1,0,0,0,0,0,0,0,0,0,0,1,0,3,7,5,1,0,1,0,0,0,0,1,6,0,2,0,3,0,1,0,317,0,0.0122699386503067,0.0153374233128834,0.97239263803681,162.0,0.5110410094637224,0.2681388012618296,1.5740995341002566,99.079754601227,False,False,NORMAL,18,7.7838149,99.9798974,ศาลาประจำหมู่บ้านบ้านค่ายไพออก,False,0,0,-1
ควนขนุน,ชะมวง,7,partylist,election_day,394,376,13,5,0,0,0,0,1,0,1,0,0,36,0,201,3,0,0,0,0,1,1,0,0,0,0,0,100,0,2,2,3,0,0,0,1,0,0,0,5,0,0,10,4,0,0,0,0,0,0,0,0,4,0,1,0,0,0,0,0,376,0,0.032994923857868,0.0126903553299492,0.9543147208121828,201.0,0.5345744680851063,0.2686170212765957,1.3896539180217513,98.0964467005076,False,False,NORMAL,19,7.7538149,99.9598974,ศาลาประจำหมู่บ้านบ้านค่ายไพตก,False,0,0,0
ควนขนุน,ชะมวง,8,partylist,election_day,360,342,16,2,0,1,0,0,0,0,1,0,0,83,3,135,0,0,0,1,1,3,2,2,0,0,0,1,70,1,0,1,7,0,0,0,0,0,0,0,2,0,0,12,2,1,0,0,0,1,0,0,0,10,0,0,0,2,0,0,0,342,0,0.0444444444444444,0.0055555555555555,0.95,135.0,0.3947368421052631,0.1520467836257309,1.7226476382668376,97.66666666666666,False,True,UNUSUAL_VOTING_PATTERN,20,7.7372374,99.973056,ศาลาประจำหมู่บ้านบ้านไทรโกบ,True,1,1,0
ควนขนุน,ชะมวง,9,partylist,election_day,328,316,8,4,0,0,0,0,1,1,1,0,0,59,0,114,2,0,0,0,0,1,0,1,0,0,0,0,84,0,0,1,6,1,0,0,0,0,0,0,0,0,0,30,2,2,0,1,0,1,0,1,2,1,0,1,0,2,0,1,0,316,0,0.024390243902439,0.0121951219512195,0.9634146341463414,114.0,0.360759493670886,0.0949367088607595,1.7291349557353906,98.53658536585364,False,False,NORMAL,21,7.736974900000001,99.9842367,ศาลาประจำหมู่บ้านบ้านหัวถนน,False,0,1,0
ควนขนุน,ชะมวง,10,partylist,election_day,196,188,6,2,0,2,0,0,0,0,1,0,0,43,0,51,3,0,1,0,0,1,0,1,0,0,0,0,52,0,0,0,3,0,1,0,0,0,0,0,0,0,0,25,1,1,0,0,0,0,0,1,0,0,1,0,0,0,0,0,0,188,0,0.0306122448979591,0.010204081632653,0.9591836734693876,52.0,0.2765957446808511,0.0053191489361702,1.7461799983361643,98.265306122449,True,True,UNUSUAL_VOTING_PATTERN,22,7.737530199999998,99.9891287,ศาลาประจำหมู่บ้านบ้านปาบ,True,1,1,0
ควนขนุน,ชะมวง,11,partylist,election_day,486,463,18,5,0,1,0,0,0,0,3,0,0,49,0,244,2,0,1,1,0,6,0,0,0,0,0,0,100,0,0,3,0,0,0,0,0,0,0,0,2,0,2,37,1,0,1,0,0,0,1,1,2,4,0,1,1,0,0,0,0,463,0,0.037037037037037,0.0102880658436214,0.9526748971193416,244.0,0.5269978401727862,0.3110151187904967,1.4842458264794447,97.94238683127573,False,False,NORMAL,23,7.771804299999999,99.9381744,ศาลาประจำหมู่บ้านบ้านสามหนอง,False,0,0,-1
ควนขนุน,ชะมวง,12,partylist,election_day,296,276,13,7,0,0,0,1,0,0,2,0,0,35,0,150,2,0,1,0,0,2,0,0,0,0,0,0,50,0,1,0,2,0,0,0,0,0,0,0,5,0,0,16,0,0,0,1,0,0,0,0,2,6,0,0,0,0,0,0,0,276,0,0.0439189189189189,0.0236486486486486,0.9324324324324323,150.0,0.5434782608695652,0.3623188405797101,1.4837187487716796,97.33108108108108,False,False,NORMAL,24,7.7427958,99.9646715,ศาลาประจำหมู่บ้านบ้านศาลาม่วง,False,0,1,0
ควนขนุน,ชะมวง,13,partylist,election_day,462,445,10,7,0,0,0,0,3,0,1,0,0,51,2,274,11,0,0,0,0,3,1,0,0,1,0,0,43,0,2,0,5,0,0,0,0,0,0,0,1,0,3,26,4,1,0,0,0,0,1,0,0,12,0,0,0,0,0,0,0,445,0,0.0216450216450216,0.0151515151515151,0.9632034632034632,274.0,0.6157303370786517,0.501123595505618,1.4522079506880503,98.61471861471864,False,False,NORMAL,25,7.7851689,99.9546944,ศาลาประจำหมู่บ้านบ้านไสตอ,False,0,0,-1
ควนขนุน,ชะมวง,14,partylist,election_day,588,555,28,5,0,0,0,1,0,0,2,0,0,85,0,315,3,0,0,0,0,4,0,0,0,0,0,0,88,1,2,2,5,0,0,0,0,0,0,0,2,0,1,27,11,1,0,0,0,0,0,0,2,2,0,0,0,0,0,1,0,555,0,0.0476190476190476,0.0085034013605442,0.9438775510204082,315.0,0.5675675675675675,0.409009009009009,1.410388309912009,97.44897959183672,False,False,NORMAL,26,7.769434400000001,99.9700718,ศาลาประจำหมู่บ้านบ้านหยีใน,False,0,0,-1
ควนขนุน,ชะมวง,15,partylist,election_day,366,351,9,6,0,0,0,0,1,0,0,0,1,35,0,227,3,0,0,0,0,3,0,0,0,0,0,1,39,0,0,1,1,0,1,0,0,0,0,0,6,0,2,16,1,1,0,0,0,0,0,1,1,4,0,3,0,3,0,0,0,351,0,0.0245901639344262,0.0163934426229508,0.9590163934426228,227.0,0.6467236467236467,0.5356125356125356,1.3764371181659067,98.44262295081968,False,False,NORMAL,27,7.7851689,99.9546944,ศาลาประจำหมู่บ้านบ้านไสตอตก,False,0,0,-1
กงหรา2,ชะรัด,1,partylist,election_day,593,562,17,14,0,0,0,0,0,0,2,0,3,48,2,357,4,1,1,0,0,4,0,1,0,0,0,0,78,5,0,1,3,1,0,0,1,0,0,0,4,0,5,14,6,0,0,1,0,0,0,0,6,11,0,2,0,0,0,0,1,562,0,0.0286677908937605,0.0236087689713322,0.9477234401349072,357.0,0.6352313167259787,0.49644128113879,1.4341747260147255,98.09443507588531,False,False,NORMAL,28,7.4710752,99.9927726,ศาลาประจำหมู่บ้านบ้านต้นประดู่,False,0,0,2
กงหรา2,ชะรัด,2,partylist,election_day,419,398,20,1,0,1,0,0,0,0,1,0,1,66,2,210,5,0,0,0,0,7,1,0,0,0,0,0,75,1,1,0,1,0,3,0,1,0,0,0,0,0,3,8,1,1,0,0,0,1,0,0,3,4,0,0,0,0,1,0,0,398,0,0.0477326968973747,0.0023866348448687,0.9498806682577564,210.0,0.5276381909547738,0.3391959798994975,1.5182497985451298,97.56563245823388,False,False,NORMAL,29,7.477495999999999,100.0135447,ศาลาประจำหมู่บ้านบ้านวังปริง,False,0,0,-1
กงหรา2,ชะรัด,3,partylist,election_day,655,631,16,8,0,0,0,0,3,1,2,0,2,90,5,390,7,0,3,0,0,5,1,0,0,1,0,0,55,0,0,1,5,0,2,0,1,0,0,1,4,0,3,27,2,2,0,2,0,0,0,0,0,12,0,2,0,2,0,0,0,631,0,0.0244274809160305,0.0122137404580152,0.9633587786259542,390.0,0.618066561014263,0.4754358161648177,1.4785643702802416,98.53435114503816,False,False,NORMAL,30,7.471108099999999,100.0050042,ศาลาประจำหมู่บ้านบ้านหัวหรั่ง,False,0,0,2
กงหรา2,ชะรัด,4,partylist,election_day,331,308,16,7,0,2,0,0,0,0,1,0,0,44,6,171,4,0,0,1,0,2,1,0,0,0,0,0,37,0,0,1,4,0,0,0,0,0,0,0,0,0,1,23,3,0,0,0,0,0,0,0,3,2,0,2,0,0,0,0,0,308,0,0.0483383685800604,0.0211480362537764,0.9305135951661632,171.0,0.5551948051948052,0.4123376623376623,1.5566358067742865,97.16012084592144,False,False,NORMAL,31,7.470731900000001,99.9856344,ศาลาประจำหมู่บ้านบ้านท่ายาง,False,0,1,2
กงหรา2,ชะรัด,5,partylist,election_day,399,383,14,2,0,0,0,0,0,0,0,0,0,69,7,170,0,0,3,0,1,7,0,0,0,0,1,0,55,2,2,2,3,0,0,0,0,0,0,0,5,2,1,41,7,0,0,1,0,1,0,0,0,2,0,0,0,0,1,0,0,383,0,0.0350877192982456,0.0050125313283208,0.9598997493734336,170.0,0.443864229765013,0.2637075718015665,1.769619032866395,98.1453634085213,False,False,NORMAL,32,7.471220799999999,99.979161,อาคารสำนักงานเทศบาลตำบลชะรัด,False,0,1,2
กงหรา2,ชะรัด,6,partylist,election_day,429,412,15,2,0,8,0,0,0,0,4,0,0,74,1,172,3,0,1,0,0,13,1,0,0,0,0,0,75,0,1,2,2,0,0,0,0,0,0,0,4,0,0,37,4,0,0,0,0,1,0,0,1,4,0,1,0,2,0,0,1,412,0,0.0349650349650349,0.0046620046620046,0.9603729603729604,172.0,0.4174757281553398,0.2354368932038835,1.7955361117286457,98.15850815850816,False,False,NORMAL,33,7.471220799999999,99.979161,อาคารสำนักงานเทศบาลตำบลชะรัด,False,0,1,2
กงหรา2,ชะรัด,7,partylist,election_day,277,271,3,3,0,1,0,0,1,0,0,0,0,26,0,153,3,0,0,0,0,0,0,0,0,1,0,0,65,0,0,1,3,0,1,0,1,0,0,0,1,0,0,9,0,1,0,0,0,0,1,0,0,3,0,0,0,0,0,0,0,271,0,0.0108303249097472,0.0108303249097472,0.9783393501805054,153.0,0.5645756457564576,0.3247232472324723,1.3387785393341047,99.2418772563177,False,False,NORMAL,34,7.470731900000001,99.9856344,ศาลาอเนกประสงค์บ้านนามะพร้าว,False,0,0,2
กงหรา2,ชะรัด,8,partylist,election_day,617,592,15,10,0,1,0,0,3,0,2,0,0,69,1,359,6,0,1,0,0,5,1,0,0,1,0,0,99,0,2,1,5,2,1,0,0,0,0,0,2,2,1,8,4,0,0,0,0,1,2,1,2,7,0,1,0,1,1,0,0,592,0,0.0243111831442463,0.0162074554294975,0.959481361426256,359.0,0.606418918918919,0.4391891891891892,1.426023753798388,98.46029173419774,False,False,NORMAL,35,7.470731900000001,99.9856344,ศูนย์ถ่ายทอดเทคโนโลยีตำบลชะรัด,False,0,0,2
กงหรา2,ชะรัด,9,partylist,election_day,383,360,13,10,0,0,0,0,1,0,0,0,0,49,2,222,5,0,0,0,0,7,0,1,0,0,0,0,43,0,0,1,4,0,1,0,0,0,0,0,2,0,1,11,3,0,0,0,0,1,0,0,1,3,0,1,0,0,0,1,0,360,0,0.0339425587467362,0.0261096605744125,0.9399477806788512,222.0,0.6166666666666667,0.4805555555555555,1.4006039568308284,97.78067885117494,False,False,NORMAL,36,7.470731900000001,99.9856344,ศาลาประจำหมู่บ้านบ้านหูเล่,False,0,0,2
กงหรา2,ชะรัด,10,partylist,election_day,517,490,22,5,0,0,0,0,1,1,3,1,3,42,3,313,1,1,0,1,0,5,0,0,1,0,0,0,69,1,1,0,5,0,2,0,0,0,0,0,4,0,2,11,5,1,0,0,1,1,0,1,0,7,0,1,0,1,1,0,0,490,0,0.0425531914893617,0.0096711798839458,0.9477756286266924,313.0,0.6387755102040816,0.4979591836734693,1.4392173586157058,97.678916827853,False,False,NORMAL,37,7.470731900000001,99.9856344,ศาลาประจำหมู่บ้านบ้านสะพานแต้ว,False,0,0,2
ศรีนครินทร์,ชุมพล,1,partylist,election_day,645,596,25,24,0,0,0,0,0,0,3,0,1,89,1,341,3,0,0,1,0,7,0,0,0,2,1,1,63,0,3,3,7,0,2,0,2,0,0,0,2,1,2,35,8,2,0,1,1,2,0,0,5,2,0,3,1,0,0,1,0,596,0,0.0387596899224806,0.0372093023255813,0.924031007751938,341.0,0.5721476510067114,0.4228187919463087,1.6031429577096452,97.31782945736434,False,True,UNUSUAL_VOTING_PATTERN,38,7.6050041,99.9493424,ศาลาประจำหมู่บ้านบ้านชุมพล,True,1,1,3
ศรีนครินทร์,ชุมพล,2,partylist,election_day,345,328,12,5,1,1,1,0,0,0,1,0,1,45,1,212,4,0,0,0,0,6,0,0,0,0,1,0,15,0,1,1,2,0,0,0,0,0,0,0,2,0,0,19,5,2,0,0,0,0,1,1,1,3,0,0,0,0,0,1,0,328,0,0.0347826086956521,0.0144927536231884,0.9507246376811594,212.0,0.6463414634146342,0.5091463414634146,1.417224463072531,97.97101449275362,False,False,NORMAL,39,7.6050041,99.9493424,ศาลาประจำหมู่บ้านบ้านหนองปริง,False,0,0,3
ศรีนครินทร์,ชุมพล,3,partylist,election_day,363,339,16,8,0,2,0,1,0,0,0,0,0,71,0,153,5,0,2,0,0,4,1,1,0,1,0,0,30,0,2,2,7,0,0,0,0,1,0,2,1,0,1,37,7,1,0,1,0,1,0,0,2,1,0,0,0,2,0,0,0,339,0,0.0440771349862259,0.0220385674931129,0.9338842975206612,153.0,0.4513274336283185,0.2418879056047197,1.8186658092036336,97.35537190082644,False,True,UNUSUAL_VOTING_PATTERN,40,7.615725099999999,99.9576849,ศาลาประจำหมู่บ้านบ้านหนองเสม็ด,True,1,1,4
ศรีนครินทร์,ชุมพล,4,partylist,election_day,418,375,19,24,1,6,2,0,0,0,13,1,1,66,1,85,5,0,0,1,0,11,0,0,0,3,0,0,45,3,3,8,8,0,0,1,0,2,0,0,24,0,0,38,18,1,0,0,0,0,1,0,1,23,0,0,0,2,0,1,0,375,0,0.0454545454545454,0.0574162679425837,0.8971291866028708,85.0,0.2266666666666666,0.0506666666666666,2.487130290516781,96.57894736842104,True,True,UNUSUAL_VOTING_PATTERN,41,7.5827562,99.9618832,ศาลาการเปรียญวัดลำกะ,True,1,1,-1
ศรีนครินทร์,ชุมพล,5,partylist,election_day,402,384,13,5,0,1,1,0,1,0,3,0,1,50,0,248,5,0,1,0,0,6,0,1,0,1,0,0,27,0,1,1,2,0,0,0,1,0,0,0,2,0,0,22,1,1,0,0,0,1,1,0,0,4,0,1,0,0,0,0,0,384,0,0.0323383084577114,0.0124378109452736,0.9552238805970148,248.0,0.6458333333333334,0.515625,1.3924827659039112,98.13432835820896,False,False,NORMAL,42,7.615725099999999,99.9576849,ศาลาประจำหมู่บ้านบ้านห้วยไทร,False,0,0,4
ศรีนครินทร์,ชุมพล,6,partylist,election_day,493,455,22,16,0,0,0,0,1,0,1,0,0,56,1,269,7,0,0,2,0,8,2,1,0,1,0,0,53,1,2,0,6,1,0,2,0,0,0,1,1,1,0,25,2,5,0,0,0,1,0,0,1,3,0,0,0,0,0,1,0,455,0,0.0446247464503042,0.0324543610547667,0.922920892494929,269.0,0.5912087912087912,0.4681318681318681,1.5476020755223812,97.11967545638946,False,True,UNUSUAL_VOTING_PATTERN,43,7.6050041,99.9493424,ศาลาประจำหมู่บ้านบ้านหนองหาญ (หนองโหล๊ะ),True,1,1,3
ศรีนครินทร์,ชุมพล,7,partylist,election_day,274,259,5,10,0,0,0,0,0,0,1,0,0,41,0,150,2,0,0,0,0,3,0,0,0,1,1,0,25,0,0,3,2,0,1,0,0,0,0,0,1,0,1,14,8,0,0,0,0,0,1,0,0,4,0,0,0,0,0,0,0,259,0,0.0182481751824817,0.0364963503649635,0.9452554744525548,150.0,0.5791505791505791,0.4208494208494208,1.4919036627891118,98.35766423357664,False,True,UNUSUAL_VOTING_PATTERN,44,7.6050041,99.9493424,ศาลาอเนกประสงค์บ้านทุ่งยวน,True,1,1,3
ศรีนครินทร์,ชุมพล,8,partylist,election_day,637,604,20,13,0,1,0,0,0,0,11,1,0,134,0,301,3,0,3,0,0,3,1,2,0,0,0,0,66,1,2,3,5,0,0,0,1,1,0,0,5,0,0,36,4,3,0,2,0,1,0,2,1,2,0,1,0,6,0,2,0,604,0,0.0313971742543171,0.0204081632653061,0.9481946624803768,301.0,0.4983443708609271,0.2764900662251656,1.6631130563409244,98.021978021978,False,False,NORMAL,45,7.6050041,99.9493424,ศาลาประจำหมู่บ้านบ้านควนดินสอ,False,0,1,3
ศรีนครินทร์,ชุมพล,9,partylist,election_day,290,274,9,7,0,0,0,0,1,0,0,0,1,35,0,176,3,0,1,0,0,2,0,0,0,0,0,0,31,0,0,1,0,0,0,0,0,0,0,0,1,0,1,16,3,0,0,0,0,0,0,0,0,2,0,0,0,0,0,0,0,274,0,0.0310344827586206,0.0241379310344827,0.9448275862068966,176.0,0.6423357664233577,0.5145985401459854,1.2531950748991334,97.96551724137932,False,False,NORMAL,46,7.650070299999999,99.9772486,ศาลาอเนกประสงค์บ้านสวนโหนด,False,0,0,-1
ศรีนครินทร์,ชุมพล,11,partylist,election_day,547,526,21,0,0,0,0,1,1,0,7,0,0,75,0,310,6,0,1,0,0,10,0,2,1,1,0,0,44,0,0,0,4,0,0,0,0,0,0,0,3,0,4,37,3,0,0,1,0,1,0,0,1,7,0,0,0,3,0,0,3,526,0,0.0383912248628884,0.0,0.9616087751371116,310.0,0.5893536121673004,0.4467680608365019,1.5334828212164322,98.08043875685556,False,False,NORMAL,48,7.6050041,99.9493424,ศาลาประจำหมู่บ้านบ้านลำกะ,False,0,0,3
ศรีนครินทร์,ชุมพล,12,partylist,election_day,244,224,11,9,0,1,0,0,0,0,0,1,0,35,0,118,3,0,0,0,0,7,0,1,0,1,0,0,20,0,1,1,2,0,1,0,0,0,0,0,0,0,1,22,6,1,0,0,0,0,0,1,1,0,0,0,0,0,0,0,0,224,0,0.0450819672131147,0.0368852459016393,0.918032786885246,118.0,0.5267857142857143,0.3705357142857143,1.642228166275038,97.00819672131148,False,True,UNUSUAL_VOTING_PATTERN,49,7.6050041,99.9493424,ศาลาประจำหมู่บ้านบ้านต้นธง,True,1,1,3
ศรีนครินทร์,ชุมพล,13,partylist,election_day,254,245,3,6,2,0,0,0,0,0,2,1,0,24,0,179,1,0,0,0,0,1,0,0,0,0,1,0,7,0,1,0,3,1,0,1,0,0,0,0,0,0,0,12,4,0,0,0,0,0,0,2,2,1,0,0,0,0,0,0,0,245,0,0.0118110236220472,0.0236220472440944,0.9645669291338582,179.0,0.7306122448979592,0.6326530612244898,1.1639447665869618,98.93700787401576,True,False,UNUSUAL_VOTING_PATTERN,50,7.615725099999999,99.9576849,ศาลาประจำหมู่บ้านบ้านนารา,True,1,0,4
ศรีนครินทร์,ชุมพล,14,partylist,election_day,275,260,10,5,0,0,0,0,1,0,1,0,0,28,0,166,2,0,1,1,0,3,0,0,0,0,0,0,20,0,3,4,0,0,0,0,0,0,1,0,3,0,0,18,1,3,0,0,0,0,0,0,0,0,0,0,0,0,0,4,0,260,0,0.0363636363636363,0.0181818181818181,0.9454545454545454,166.0,0.6384615384615384,0.5307692307692308,1.4087853503255314,97.81818181818184,False,False,NORMAL,51,7.615725099999999,99.9576849,ศาลาประจำหมู่บ้านบ้านหนองโหรง,False,0,0,4
ศรีนครินทร์,ชุมพล,15,partylist,election_day,247,242,5,0,0,0,0,0,1,0,4,0,0,33,0,154,2,1,1,0,0,2,1,0,0,0,0,0,17,0,0,1,1,0,0,1,0,0,0,0,2,1,1,14,1,0,0,0,0,0,0,0,0,3,0,0,0,0,0,1,0,242,0,0.020242914979757,0.0,0.979757085020243,154.0,0.6363636363636364,0.5,1.4013890602165808,98.98785425101217,False,False,NORMAL,52,7.6050041,99.9493424,ศาลาประจำหมู่บ้านบ้านชุมทอง,False,0,0,3
ควนขนุน,ดอนทราย,1,partylist,election_day,206,202,2,2,0,1,0,0,1,0,0,0,0,27,0,105,1,0,0,0,0,0,1,1,0,0,0,0,42,0,0,1,3,1,0,0,0,0,0,0,0,0,0,10,1,1,0,0,1,0,0,0,1,0,0,0,0,4,0,0,0,202,0,0.0097087378640776,0.0097087378640776,0.9805825242718448,105.0,0.5198019801980198,0.3118811881188119,1.5137012550399045,99.32038834951456,False,False,NORMAL,53,7.7173634,99.9632741,ศาลาประจำหมู่บ้านบ้านเขากอย,False,0,0,5
ควนขนุน,ดอนทราย,2,partylist,election_day,372,357,10,5,1,1,0,0,1,0,3,0,0,68,0,193,4,0,1,0,0,1,0,0,0,0,0,1,52,0,0,1,3,0,0,0,1,0,0,0,0,1,1,14,3,1,0,0,0,0,1,1,0,3,0,0,0,1,0,0,0,357,0,0.0268817204301075,0.0134408602150537,0.9596774193548387,193.0,0.5406162464985994,0.3501400560224089,1.4974396156733003,98.38709677419357,False,False,NORMAL,54,7.7253162,99.9828919,ศาลาประจำหมู่บ้านบ้านหม้อ,False,0,0,0
ควนขนุน,ดอนทราย,3,partylist,election_day,301,286,11,4,0,3,0,0,0,0,0,0,0,26,0,196,2,0,1,0,0,1,0,0,0,0,0,0,27,0,1,0,5,0,0,0,0,1,0,0,0,1,2,7,4,2,0,0,0,2,1,0,1,2,0,0,0,1,0,0,0,286,0,0.0365448504983388,0.0132890365448504,0.9501661129568106,196.0,0.6853146853146853,0.5909090909090909,1.3005735405348948,97.90697674418604,False,False,NORMAL,55,7.7066667,99.9511111,ศาลาประจำหมู่บ้านบ้านเขาวัง,False,0,0,-1
ควนขนุน,ดอนทราย,4,partylist,election_day,255,246,3,6,0,1,0,0,2,0,1,0,0,30,0,109,3,0,0,0,0,1,0,0,0,0,0,0,70,0,1,2,10,0,1,0,0,0,0,0,2,0,0,3,1,1,0,0,0,0,1,0,0,3,0,2,0,2,0,0,0,246,0,0.0117647058823529,0.0235294117647058,0.9647058823529412,109.0,0.4430894308943089,0.1585365853658536,1.640972426624032,98.94117647058825,False,False,NORMAL,56,7.7173634,99.9632741,ศาลาประจำหมู่บ้านบ้านลำรุณ,False,0,1,5
ควนขนุน,ดอนทราย,5,partylist,election_day,475,456,15,4,1,2,0,0,0,0,1,0,0,43,2,281,8,0,0,0,0,3,0,0,0,0,0,0,75,0,2,1,2,0,0,0,1,1,0,0,1,0,1,6,11,0,0,0,4,2,1,0,0,2,0,2,0,3,0,0,0,456,0,0.031578947368421,0.0084210526315789,0.96,281.0,0.6162280701754386,0.4517543859649123,1.4173947296311722,98.25263157894736,False,False,NORMAL,57,7.7173634,99.9632741,ศาลาประจำหมู่บ้านบ้านควนเหลง,False,0,0,5
ควนขนุน,ดอนทราย,6,partylist,election_day,284,279,2,3,0,1,0,0,1,0,1,0,0,32,0,126,1,0,1,0,0,1,0,0,0,1,0,0,76,1,1,1,8,0,0,0,0,0,0,0,3,0,1,8,1,1,0,0,0,0,0,0,0,3,0,2,0,7,0,0,1,279,0,0.0070422535211267,0.0105633802816901,0.9823943661971832,126.0,0.4516129032258064,0.1792114695340501,1.6732146247223272,99.43661971830986,False,True,UNUSUAL_VOTING_PATTERN,58,7.722331100000001,99.9800438,ศาลาประจำหมู่บ้านบ้านเกาะทอง,True,1,1,-1
ควนขนุน,ดอนทราย,7,partylist,election_day,528,504,20,4,0,0,1,0,1,1,5,1,1,68,0,257,2,0,0,2,0,1,1,0,0,1,0,1,114,0,1,2,9,0,0,0,0,0,0,0,1,0,0,16,6,2,0,0,0,0,0,1,0,3,1,1,0,1,0,1,2,504,0,0.0378787878787878,0.0075757575757575,0.9545454545454546,257.0,0.5099206349206349,0.2837301587301587,1.567561988928463,97.95454545454544,False,False,NORMAL,59,7.7186105,99.9665503,ศาลาประจำหมู่บ้านบ้านควนดินแดง,False,0,0,5
ควนขนุน,ดอนทราย,8,partylist,election_day,262,255,5,2,0,0,0,0,0,0,0,0,0,34,1,120,3,0,0,0,0,3,0,0,0,0,0,0,63,1,0,0,2,0,0,0,1,0,0,1,0,0,0,15,3,1,0,1,0,0,0,0,0,4,0,0,0,2,0,0,0,255,0,0.0190839694656488,0.0076335877862595,0.9732824427480916,120.0,0.4705882352941176,0.2235294117647059,1.5638565470614574,98.89312977099236,False,False,NORMAL,60,7.7290582,99.9418062,ศาลาประจำหมู่บ้านบ้านจันนา,False,0,0,-1
ควนขนุน,ดอนทราย,9,partylist,election_day,586,568,15,3,1,9,1,0,1,0,1,0,0,68,0,368,5,0,0,0,0,3,0,0,0,0,0,0,68,1,2,1,1,0,0,0,2,2,0,0,1,1,2,15,2,2,0,1,0,2,1,0,1,3,0,0,0,3,0,0,0,568,0,0.0255972696245733,0.0051194539249146,0.969283276450512,368.0,0.647887323943662,0.528169014084507,1.3490543341248502,98.61774744027304,False,False,NORMAL,61,7.706008700000001,99.9771524,ศาลาประจำหมู่บ้านบ้านไสอ้อย,False,0,0,-1
ควนขนุน,ดอนทราย,10,partylist,election_day,379,367,6,6,0,0,0,0,0,0,1,0,0,42,0,214,1,0,0,0,0,0,0,1,0,0,0,0,74,1,0,0,2,0,0,0,0,0,0,0,1,0,2,10,6,1,0,0,0,0,0,0,0,8,0,0,0,3,0,0,0,367,0,0.0158311345646438,0.0158311345646438,0.9683377308707124,214.0,0.5831062670299727,0.3814713896457766,1.3269363065104889,98.89182058047491,False,False,NORMAL,62,7.7714851,100.0555474,ศาลาประจำหมู่บ้านบ้านไสโพธิ์,False,0,0,-1
ควนขนุน,ดอนทราย,11,partylist,election_day,264,252,10,2,1,0,0,0,2,0,0,0,0,23,0,151,1,0,1,0,0,3,0,0,0,0,0,0,36,0,0,1,8,0,0,0,0,0,0,0,0,0,0,5,8,0,0,0,0,1,0,2,0,5,0,1,0,3,0,0,0,252,0,0.0378787878787878,0.0075757575757575,0.9545454545454546,151.0,0.5992063492063492,0.4563492063492063,1.491881427371301,97.95454545454544,False,False,NORMAL,63,7.7290582,99.9418062,ศาลาประจำหมู่บ้านบ้านจันนาตก,False,0,0,-1
ศรีบรรพต,ตะแพน,1,partylist,election_day,340,329,9,2,0,2,0,0,0,0,2,0,1,31,0,208,3,0,2,0,0,3,0,0,0,0,0,0,40,0,0,0,3,0,0,1,0,0,0,1,2,0,0,19,5,0,0,0,0,0,1,1,0,4,0,0,0,0,0,0,0,329,0,0.0264705882352941,0.0058823529411764,0.9676470588235294,208.0,0.6322188449848024,0.5106382978723404,1.3912367850061742,98.55882352941175,False,False,NORMAL,64,7.6514478,99.9629591,ศาลาประจำหมู่บ้าน บ้านสวนโหนด หมู่ที่ 1,False,0,0,-1
ศรีบรรพต,ตะแพน,2,partylist,election_day,603,582,15,6,0,0,0,0,0,0,2,0,0,98,2,272,4,0,0,0,0,4,0,0,0,0,0,0,121,0,1,1,3,1,0,1,0,0,0,0,3,2,0,40,9,0,0,2,0,0,0,1,2,8,0,0,0,3,0,1,1,582,0,0.0248756218905472,0.0099502487562189,0.965174129353234,272.0,0.4673539518900343,0.2594501718213058,1.6134280079616323,98.55721393034824,False,False,NORMAL,65,7.6554624,99.8766586,โรงอาหารโรงเรียนวัดตะแพน,False,0,0,-1
ศรีบรรพต,ตะแพน,3,partylist,election_day,335,323,4,8,0,0,0,1,1,0,0,0,0,55,2,208,3,0,0,0,0,8,0,0,0,0,0,0,15,0,0,1,1,0,0,0,0,0,0,0,1,0,2,15,2,2,0,1,0,0,0,0,0,3,0,0,0,1,0,0,1,323,0,0.0119402985074626,0.0238805970149253,0.964179104477612,208.0,0.6439628482972136,0.4736842105263157,1.3175125854249683,98.92537313432835,False,False,NORMAL,66,7.639195399999998,99.8683073,ศาลาประจำหมู่บ้าน บ้านวังยาว หมู่ที่ 3,False,0,0,-1
ศรีบรรพต,ตะแพน,4,partylist,election_day,144,143,1,0,0,0,0,0,0,0,1,0,0,24,0,86,1,0,0,0,0,0,1,0,0,0,0,0,23,0,0,0,0,0,0,0,0,0,0,0,0,0,0,6,0,0,1,0,0,0,0,0,0,0,0,0,0,0,0,0,0,143,0,0.0069444444444444,0.0,0.9930555555555556,86.0,0.6013986013986014,0.4335664335664335,1.1711377548201092,99.65277777777776,False,True,UNUSUAL_VOTING_PATTERN,67,7.6452374,99.8090063,ศาลาประจำหมู่บ้าน บ้านห้วยครก หมู่ที่ 4,True,1,0,-1
ศรีบรรพต,ตะแพน,5,partylist,election_day,549,522,18,9,0,5,0,1,0,1,3,0,0,111,0,297,5,0,1,0,1,6,0,0,0,0,0,0,40,0,1,1,3,2,1,0,0,0,0,0,2,1,1,20,5,1,0,0,1,0,0,1,2,7,0,0,0,2,0,0,0,522,0,0.0327868852459016,0.0163934426229508,0.9508196721311476,297.0,0.5689655172413793,0.3563218390804598,1.5030383370637437,98.0327868852459,False,False,NORMAL,68,7.618795599999999,99.8236533,ศาลาประจำหมู่บ้าน บ้านท่ายูง หมู่ที่ 5,False,0,0,-1
ศรีบรรพต,ตะแพน,6,partylist,election_day,376,369,5,2,0,1,0,0,2,0,2,0,0,50,0,227,0,0,0,0,0,8,0,0,0,0,0,1,36,0,1,3,4,0,2,0,1,0,0,1,0,2,0,11,5,1,0,2,0,0,0,0,0,6,0,0,0,2,0,1,0,369,0,0.0132978723404255,0.0053191489361702,0.9813829787234044,227.0,0.6151761517615176,0.4796747967479675,1.479792868395355,99.22872340425532,False,False,NORMAL,69,7.6508473,99.9437136,ศาลาประจำหมู่บ้าน บ้านหน้าควน หมู่ที่ 6,False,0,0,-1
ศรีบรรพต,ตะแพน,7,partylist,election_day,614,602,6,6,0,0,0,0,0,0,1,0,0,65,0,435,3,1,1,0,2,5,0,0,0,0,0,0,46,2,1,1,4,0,1,1,0,0,0,0,2,0,2,16,5,1,0,0,0,0,0,0,0,6,0,0,0,0,1,0,0,602,0,0.009771986970684,0.009771986970684,0.980456026058632,435.0,0.7225913621262459,0.6146179401993356,1.1248076985383864,99.3159609120521,False,True,UNUSUAL_VOTING_PATTERN,70,7.6497788,99.9285556,โรงอาหารโรงเรียนบ้านหัสคุณ,True,1,0,-1
ศรีบรรพต,ตะแพน,8,partylist,election_day,343,336,5,2,0,2,0,0,1,0,1,1,0,32,1,202,5,0,0,0,0,1,0,0,0,0,0,0,42,0,0,0,0,0,1,0,1,0,0,0,1,3,4,28,1,2,0,0,0,0,0,1,2,3,0,0,0,0,1,0,0,336,0,0.0145772594752186,0.0058309037900874,0.979591836734694,202.0,0.6011904761904762,0.4761904761904761,1.4784194997267153,99.1545189504373,False,False,NORMAL,71,7.6775386,99.8988081,สำนักสงฆ์บ้านท่าข้าม,False,0,0,-1
ศรีบรรพต,ตะแพน,9,partylist,election_day,339,320,12,7,0,1,0,0,0,0,2,0,1,54,0,196,2,0,0,1,0,2,0,0,0,0,0,0,36,0,1,0,8,0,0,0,1,0,0,0,0,1,0,7,3,0,0,0,0,0,1,0,0,1,0,2,0,0,0,0,0,320,0,0.0353982300884955,0.0206489675516224,0.943952802359882,196.0,0.6125,0.44375,1.3370078358082036,97.81710914454275,False,False,NORMAL,72,7.6514478,99.9629591,อาคารโรงเรียนบ้านสวนโหนด,False,0,0,-1
ควนขนุน,ทะเลน้อย,1,partylist,election_day,614,578,30,6,0,2,0,1,1,0,4,0,0,56,0,287,6,0,2,0,1,10,1,0,0,2,1,0,110,1,1,2,4,1,1,0,2,0,0,0,6,1,1,59,2,1,0,0,0,0,0,0,0,7,0,0,0,2,0,2,1,578,0,0.0488599348534201,0.009771986970684,0.9413680781758956,287.0,0.4965397923875432,0.3062283737024221,1.7096643783371437,97.3615635179153,False,False,NORMAL,73,7.7777536,100.1167953,ศาลาประจำหมู่บ้านบ้านทะเลน้อย,False,0,1,6
ควนขนุน,ทะเลน้อย,2,partylist,election_day,330,314,12,4,0,0,0,0,3,0,0,0,0,46,0,130,0,0,0,0,0,4,1,0,0,0,1,0,98,0,0,0,2,0,0,0,0,0,0,0,0,0,0,15,2,1,0,0,0,1,0,0,0,7,0,2,0,1,0,0,0,314,0,0.0363636363636363,0.0121212121212121,0.9515151515151516,130.0,0.4140127388535032,0.1019108280254777,1.528164268834355,97.93939393939394,False,False,NORMAL,74,7.782416400000001,100.1591213,ศาลากลางบ้านหัวเลี้ยว,False,0,1,-1
ควนขนุน,ทะเลน้อย,3,partylist,election_day,341,320,17,4,0,0,0,2,0,0,2,0,0,41,0,138,1,0,2,0,0,1,1,0,0,0,0,0,63,0,1,1,1,0,1,0,0,0,0,1,0,0,0,49,3,0,0,1,0,1,0,0,0,7,0,0,0,3,0,0,0,320,0,0.0498533724340175,0.0117302052785923,0.93841642228739,138.0,0.43125,0.234375,1.6798645160581045,97.27272727272728,False,False,NORMAL,75,7.7872498,100.1162419,ศาลาทวดวิรุฬเจ้าแม่อุบล,False,0,1,6
ควนขนุน,ทะเลน้อย,4,partylist,election_day,377,355,18,4,0,0,0,2,2,0,0,0,0,30,1,131,8,0,0,0,0,1,0,0,0,0,0,0,139,1,1,2,1,0,0,1,1,0,0,0,2,1,0,17,2,1,0,0,0,2,0,2,1,6,0,0,0,0,0,0,0,355,0,0.0477453580901856,0.0106100795755968,0.9416445623342176,139.0,0.3915492957746478,0.0225352112676056,1.6134320880106734,97.40053050397876,False,True,UNUSUAL_VOTING_PATTERN,76,7.783814,100.1198974,ศาลาประจำหมู่บ้านบ้านบนออก,True,1,1,6
ควนขนุน,ทะเลน้อย,5,partylist,election_day,508,476,29,3,0,1,0,0,0,0,0,1,0,58,1,202,4,0,1,1,0,1,3,0,0,2,0,0,110,0,2,1,2,1,0,1,1,0,0,0,1,0,0,56,9,2,0,1,0,0,0,1,1,8,0,2,0,2,0,0,0,476,0,0.0570866141732283,0.0059055118110236,0.937007874015748,202.0,0.4243697478991596,0.1932773109243697,1.7456328995849122,97.0275590551181,False,True,UNUSUAL_VOTING_PATTERN,77,7.81138149,100.1533974,ศาลาประจำหมู่บ้านบ้านปลายตรอก,True,1,1,-1
ควนขนุน,ทะเลน้อย,6,partylist,election_day,296,278,15,3,0,2,0,0,0,0,1,0,0,21,0,138,2,0,1,0,0,2,2,0,0,0,0,0,64,1,0,1,4,0,2,1,0,0,0,0,2,1,0,24,3,3,0,0,0,1,0,0,0,2,0,0,0,0,0,0,0,278,0,0.0506756756756756,0.0101351351351351,0.9391891891891893,138.0,0.4964028776978417,0.2661870503597122,1.641366794584222,97.2635135135135,False,False,NORMAL,78,7.814868300000001,100.1479182,ศาลาประจำหมู่บ้านบ้านโคกศักดิ์,False,0,1,-1
ควนขนุน,ทะเลน้อย,7,partylist,election_day,337,315,17,5,0,1,0,0,0,0,0,0,0,27,1,173,8,0,0,0,0,2,1,0,0,0,0,0,64,0,2,1,1,0,0,1,0,0,0,0,3,0,1,22,0,0,0,2,0,0,0,0,1,2,0,0,1,1,0,0,0,315,0,0.0504451038575667,0.0148367952522255,0.9347181008902076,173.0,0.5492063492063493,0.346031746031746,1.4981121969746578,97.18100890207717,False,False,NORMAL,79,7.876837900000001,100.0242995,ศูนย์ศิลปาชีพบ้านหัวป่าเขียว,False,0,1,-1
ควนขนุน,ทะเลน้อย,8,partylist,election_day,456,429,19,8,0,4,0,0,0,0,0,0,0,55,1,230,4,0,0,1,1,1,0,1,0,0,1,0,84,0,0,6,2,0,0,0,0,0,0,2,4,1,2,13,5,0,0,2,0,1,0,1,1,4,0,0,0,2,0,0,0,429,0,0.0416666666666666,0.0175438596491228,0.9407894736842104,230.0,0.5361305361305362,0.3403263403263403,1.5751994668277474,97.56578947368422,False,False,NORMAL,80,7.814868300000001,100.1479182,ศาลาประจำหมู่บ้านบ้านโคกเมา,False,0,1,-1
ควนขนุน,ทะเลน้อย,9,partylist,election_day,408,382,19,7,0,5,0,0,2,0,1,1,1,49,0,164,1,0,1,0,0,2,0,0,0,0,0,0,99,0,1,2,1,0,1,0,0,0,0,1,0,0,4,22,7,1,0,0,0,1,1,2,0,6,0,3,0,2,0,1,0,382,0,0.0465686274509803,0.017156862745098,0.9362745098039216,164.0,0.4293193717277487,0.1701570680628272,1.7616805786463503,97.32843137254902,False,True,UNUSUAL_VOTING_PATTERN,81,7.8438149,100.11598974,ศาลาประจำหมู่บ้านบ้านบนตก,True,1,1,-1
ควนขนุน,ทะเลน้อย,10,partylist,election_day,387,356,29,2,0,1,0,1,1,0,0,0,1,36,2,148,3,0,0,1,0,3,1,0,0,1,0,0,115,0,1,1,2,0,1,0,0,0,0,1,3,0,1,17,6,0,0,0,0,1,0,0,1,6,0,0,0,1,0,0,0,356,0,0.0749354005167958,0.0051679586563307,0.9198966408268734,148.0,0.4157303370786517,0.0926966292134831,1.671034290224986,96.1498708010336,False,True,UNUSUAL_VOTING_PATTERN,82,7.8238149,100.1198974,ศาลาประจำหมู่บ้านบ้านบนกลาง,True,1,1,-1
ควนขนุน,นาขยาด,1,partylist,election_day,681,648,21,12,0,2,0,0,2,0,0,0,1,106,0,366,4,0,2,1,0,4,0,0,0,0,0,0,93,0,0,2,7,0,0,0,0,0,0,0,3,2,0,34,5,0,0,0,0,0,0,2,3,2,0,0,0,6,0,1,0,648,0,0.0308370044052863,0.0176211453744493,0.9515418502202644,366.0,0.5648148148148148,0.4012345679012346,1.44932038574932,98.10572687224668,False,False,NORMAL,83,7.679982700000001,99.9576849,ศาลาประจำหมู่บ้านบ้านศาลาต้นรักษ์,False,0,0,7
ควนขนุน,นาขยาด,2,partylist,election_day,656,619,22,15,0,1,1,0,2,0,1,1,1,78,0,377,9,1,0,0,0,4,0,1,0,0,0,0,76,0,0,1,10,0,1,0,0,0,0,0,3,2,2,23,6,1,0,0,1,0,0,0,1,10,0,0,0,5,0,0,0,619,0,0.0335365853658536,0.0228658536585365,0.9435975609756098,377.0,0.6090468497576736,0.4830371567043618,1.4601631211416088,97.8658536585366,False,False,NORMAL,84,7.670382399999999,99.9823069,ศาลาประจำหมู่บ้านบ้านพังดาน,False,0,0,-1
ควนขนุน,นาขยาด,3,partylist,election_day,326,311,10,5,0,0,0,0,1,0,0,0,0,30,0,166,2,0,0,0,0,0,0,0,0,0,0,0,80,0,1,0,6,0,0,0,0,0,0,0,0,0,1,8,4,0,0,0,0,0,0,0,0,3,0,1,0,6,0,2,0,311,0,0.0306748466257668,0.0153374233128834,0.9539877300613496,166.0,0.5337620578778135,0.2765273311897106,1.3959399408356317,98.159509202454,False,False,NORMAL,85,7.685908899999999,99.9794414,ศาลาประจำหมู่บ้านบ้านเกาะยาง,False,0,0,-1
ควนขนุน,นาขยาด,4,partylist,election_day,380,359,13,8,0,2,0,0,0,0,1,0,0,41,0,207,4,0,1,0,0,1,0,0,0,0,0,0,75,0,1,2,4,0,0,0,0,0,0,1,1,0,1,12,2,0,0,1,0,0,0,0,0,1,0,1,0,0,0,0,0,359,0,0.0342105263157894,0.0210526315789473,0.9447368421052632,207.0,0.5766016713091922,0.3676880222841225,1.3568350034581784,97.86842105263158,False,False,NORMAL,86,7.679982700000001,99.9576849,ศาลาประจำหมู่บ้านบ้านหนองในวัง,False,0,0,7
ควนขนุน,นาขยาด,5,partylist,election_day,471,438,20,13,0,2,0,0,1,0,1,0,0,72,1,221,3,0,2,0,0,3,0,1,0,0,0,0,69,1,0,5,6,0,0,0,0,0,0,0,2,1,0,31,7,0,0,0,0,1,1,0,1,3,0,1,0,1,1,0,0,438,0,0.0424628450106157,0.0276008492569002,0.929936305732484,221.0,0.5045662100456622,0.3401826484018265,1.6393276298670207,97.3248407643312,False,False,NORMAL,87,7.591457699999999,100.0019597,ศาลาประจำหมู่บ้านบ้านนาท่อม,False,0,1,-1
ควนขนุน,นาขยาด,6,partylist,election_day,628,602,15,11,0,3,0,0,2,0,1,1,1,68,1,407,8,0,0,0,0,4,0,0,0,0,0,0,57,0,1,2,2,1,1,0,0,0,1,0,3,2,2,11,7,1,0,0,2,0,4,0,1,5,0,1,0,1,0,0,1,602,0,0.0238853503184713,0.0175159235668789,0.9585987261146496,407.0,0.6760797342192691,0.5631229235880398,1.327752215373362,98.45541401273886,False,False,NORMAL,88,7.668115999999999,99.955747,ศาลาประจำหมู่บ้านบ้านขันหมู่,False,0,0,7
ควนขนุน,นาขยาด,7,partylist,election_day,387,368,13,6,0,0,0,0,0,0,0,0,0,67,0,224,5,1,2,0,0,3,1,0,0,0,0,0,25,0,3,0,0,0,0,0,0,0,0,0,2,0,2,25,2,1,0,1,0,0,0,2,2,0,0,0,0,0,0,0,0,368,0,0.0335917312661498,0.0155038759689922,0.9509043927648578,224.0,0.6086956521739131,0.4266304347826087,1.3487798353998215,98.01033591731266,False,False,NORMAL,89,7.6901421,99.9402381,ศาลาประจำหมู่บ้านบ้านสะพานข่อย,False,0,0,-1
ควนขนุน,นาขยาด,8,partylist,election_day,393,384,5,4,0,1,0,0,2,0,3,0,0,58,0,221,0,0,1,0,0,1,0,0,0,0,1,0,53,0,1,1,2,1,1,0,0,0,0,0,1,2,2,11,4,0,0,0,0,2,0,1,0,6,0,0,0,6,0,1,1,384,0,0.0127226463104325,0.010178117048346,0.9770992366412212,221.0,0.5755208333333334,0.4244791666666667,1.516852003595591,99.16030534351144,False,False,NORMAL,90,7.707698400000001,99.9269198,ศาลาประจำหมู่บ้านบ้านโงกน้ำ,False,0,0,-1
ควนขนุน,นาขยาด,9,partylist,election_day,416,400,7,9,0,1,0,1,0,0,0,0,0,46,0,255,2,0,1,0,0,4,0,0,0,0,1,0,42,0,1,4,9,0,0,0,1,0,0,0,1,0,1,22,1,1,0,0,0,0,0,0,1,4,0,1,0,0,0,0,0,400,0,0.016826923076923,0.0216346153846153,0.9615384615384616,255.0,0.6375,0.5225,1.3616605118923173,98.72596153846152,False,False,NORMAL,91,7.679982700000001,99.9576849,ศาลาประจำหมู่บ้านบ้านทุ่งสำโรง,False,0,0,7
ควนขนุน,นาขยาด,10,partylist,election_day,366,347,13,6,0,1,1,0,1,0,0,0,1,55,0,188,3,0,0,0,0,0,0,1,0,0,0,0,39,0,1,1,2,0,1,0,0,0,0,1,5,0,2,26,8,0,0,1,0,2,0,0,2,4,0,1,0,0,0,0,0,347,0,0.0355191256830601,0.0163934426229508,0.9480874316939892,188.0,0.5417867435158501,0.3832853025936599,1.6086540536125544,97.89617486338796,False,False,NORMAL,92,7.679982700000001,99.9576849,ศาลาประจำหมู่บ้านบ้านโรงรม,False,0,0,7
ควนขนุน,นาขยาด,11,partylist,election_day,404,388,6,10,0,1,0,0,1,0,0,0,2,52,0,260,1,0,0,0,0,4,0,0,0,0,1,0,36,0,0,1,2,0,0,0,1,0,0,0,1,0,1,13,2,0,0,0,0,1,1,0,0,5,0,1,1,0,0,0,0,388,0,0.0148514851485148,0.0247524752475247,0.9603960396039604,260.0,0.6701030927835051,0.5360824742268041,1.241046136139508,98.76237623762376,False,False,NORMAL,93,7.679982700000001,99.9576849,ศาลาประจำหมู่บ้านบ้านไสควายฟัน,False,0,0,7
ควนขนุน,นาขยาด,12,partylist,election_day,456,436,15,5,0,0,0,0,1,0,4,0,0,76,0,239,3,0,0,1,0,2,0,0,0,0,0,0,75,0,2,0,6,0,0,1,0,0,0,0,2,0,0,10,4,0,0,0,0,0,1,1,1,6,0,0,0,0,0,0,1,436,0,0.0328947368421052,0.0109649122807017,0.956140350877193,239.0,0.5481651376146789,0.3738532110091743,1.4333895582856957,98.1359649122807,False,False,NORMAL,94,7.679982700000001,99.9576849,ศาลาประจำหมู่บ้านบ้านเขาวังทอง,False,0,0,7
ศรีนครินทร์,บ้านนา,1,partylist,election_day,619,576,33,10,0,0,0,0,1,0,6,0,1,75,0,306,4,0,1,2,0,8,0,0,0,1,0,0,82,1,0,4,2,4,1,1,0,0,0,0,4,1,1,35,15,1,0,1,0,0,0,2,1,8,0,0,0,7,0,0,0,576,0,0.0533117932148626,0.0161550888529886,0.9305331179321488,306.0,0.53125,0.3888888888888889,1.693572680584964,97.01130856219709,False,False,NORMAL,95,7.586495599999999,99.8579768,ศาลาอเนกประสงค์ ร.ร.บ้านนาวง,False,0,1,-1
ศรีนครินทร์,บ้านนา,2,partylist,election_day,185,182,3,0,0,0,0,0,0,0,2,0,0,0,0,88,0,0,0,0,1,0,0,0,0,0,0,0,32,0,0,0,2,0,0,0,0,0,0,29,1,0,1,22,1,0,0,0,0,0,0,0,0,2,0,0,0,1,0,0,0,182,0,0.0162162162162162,0.0,0.9837837837837838,88.0,0.4835164835164835,0.3076923076923077,1.4967397382277634,99.1891891891892,False,False,NORMAL,96,7.55964,99.885151,ศาลาประจำหมู่บ้านบ้านลำใน,False,0,0,8
ศรีนครินทร์,บ้านนา,3,partylist,election_day,501,468,22,11,0,2,0,0,0,0,2,0,0,60,0,252,3,0,0,0,0,5,1,0,0,0,0,0,84,0,0,0,7,1,0,0,0,0,0,0,4,0,0,32,4,0,0,1,0,2,1,0,0,0,0,1,0,5,0,1,0,468,0,0.0439121756487025,0.0219560878243512,0.934131736526946,252.0,0.5384615384615384,0.358974358974359,1.510797807061481,97.36526946107784,False,False,NORMAL,97,7.562269,99.9131441,ศาลาการเปรียญวัดบ้านนา,False,0,1,14
ศรีนครินทร์,บ้านนา,4,partylist,election_day,439,413,15,11,0,0,0,1,0,0,0,0,1,35,0,247,2,0,0,0,0,11,0,0,0,0,0,0,63,0,0,0,2,0,0,0,1,1,0,0,2,2,1,20,8,0,0,0,0,4,0,0,1,11,0,0,0,0,0,0,0,413,0,0.0341685649202733,0.0250569476082004,0.940774487471526,247.0,0.5980629539951574,0.4455205811138014,1.4552446443969935,97.79043280182232,False,False,NORMAL,98,7.5640073,99.8794744,ศูนย์ส่งเสริมสุขภาพราษฎร,False,0,0,8
ศรีนครินทร์,บ้านนา,5,partylist,election_day,314,288,17,9,1,0,0,0,0,0,0,0,0,44,1,135,3,0,0,0,0,3,0,0,0,0,0,0,65,0,0,1,5,0,0,1,0,1,0,0,0,0,1,15,1,1,0,0,0,0,0,0,2,3,0,0,0,4,0,1,0,288,0,0.054140127388535,0.0286624203821656,0.9171974522292994,135.0,0.46875,0.2430555555555555,1.6159516728195435,96.71974522292994,False,True,UNUSUAL_VOTING_PATTERN,99,7.569812799999999,99.8929252,ศาลาประจำหมู่บ้านบ้านต้นไทร,True,1,1,8
ศรีนครินทร์,บ้านนา,6,partylist,election_day,433,414,18,1,0,0,0,0,0,0,2,0,1,48,1,210,3,0,0,0,0,2,0,1,0,0,0,0,109,0,1,1,3,0,0,0,0,0,0,1,3,2,0,20,3,0,0,0,0,0,0,0,0,3,0,0,0,0,0,0,0,414,0,0.0415704387990762,0.0023094688221709,0.9561200923787528,210.0,0.5072463768115942,0.2439613526570048,1.4349967418888774,97.87528868360276,False,False,NORMAL,100,7.5640073,99.8794744,ศาลาอเนกประสงค์บ้านตีนนา,False,0,0,8
ศรีนครินทร์,บ้านนา,7,partylist,election_day,406,391,12,3,0,1,0,0,0,0,2,0,0,37,0,245,2,0,0,0,0,4,0,0,0,0,0,0,48,0,1,4,3,0,2,0,1,0,0,0,5,0,0,21,5,0,0,1,0,0,0,0,2,2,1,1,0,2,0,1,0,391,0,0.0295566502463054,0.0073891625615763,0.9630541871921182,245.0,0.6265984654731458,0.5038363171355499,1.441947505987696,98.3743842364532,False,False,NORMAL,101,7.5621172,99.8859108,ศาลาอเนกประสงค์บ้านหนองเหรียง,False,0,0,8
ศรีนครินทร์,บ้านนา,8,partylist,election_day,591,574,14,3,0,2,0,0,0,1,0,0,1,91,0,329,6,0,0,0,0,2,0,0,0,1,0,0,82,0,2,4,5,0,0,0,1,0,0,0,3,0,0,27,4,2,0,2,0,1,0,0,0,2,0,2,0,3,0,0,1,574,0,0.0236886632825719,0.0050761421319796,0.9712351945854484,329.0,0.573170731707317,0.4146341463414634,1.4503408522795451,98.7140439932318,False,False,NORMAL,102,7.5640073,99.8794744,ศาลาประจำหมู่บ้านบ้านคอกเสือ,False,0,0,8
ศรีนครินทร์,บ้านนา,9,partylist,election_day,329,309,9,11,0,1,0,1,0,0,1,0,0,68,0,99,3,0,0,0,0,5,0,0,1,0,0,1,37,0,1,0,2,0,0,0,0,0,0,0,3,0,0,76,4,0,0,2,0,0,0,0,1,2,0,0,0,0,0,1,0,309,0,0.0273556231003039,0.033434650455927,0.939209726443769,99.0,0.3203883495145631,0.0744336569579288,1.7562344498203488,97.96352583586626,False,True,UNUSUAL_VOTING_PATTERN,103,7.5640073,99.8794744,ศาลาประจำหมู่บ้านบ้านวงค์,True,1,1,8
ศรีนครินทร์,บ้านนา,10,partylist,election_day,341,327,12,2,0,0,0,0,0,0,0,0,0,40,0,215,4,0,2,0,0,3,0,0,0,0,0,0,23,0,1,1,2,0,0,0,0,0,0,0,1,0,2,24,1,2,0,0,0,1,1,0,1,1,0,1,0,0,0,1,0,327,0,0.0351906158357771,0.0058651026392961,0.9589442815249268,215.0,0.6574923547400612,0.5351681957186545,1.3097821743783251,98.1231671554252,False,False,NORMAL,104,7.5640073,99.8794744,ศาลาอเนกประสงค์บ้านป่าสน,False,0,0,8
ศรีนครินทร์,บ้านนา,11,partylist,election_day,427,409,14,4,0,1,0,0,0,0,3,1,0,55,0,226,1,0,0,0,0,3,0,0,0,0,0,0,78,1,0,0,2,0,0,0,0,0,0,0,3,1,0,18,3,1,0,0,0,0,1,0,3,5,1,0,0,1,0,0,1,409,0,0.0327868852459016,0.009367681498829,0.9578454332552692,226.0,0.5525672371638142,0.3618581907090464,1.4581971037187094,98.17330210772832,False,False,NORMAL,105,7.576822099999999,99.8753746,ศาลาประจำหมู่บ้านบ้านน้ำใต้บ่อ,False,0,0,8
ศรีนครินทร์,บ้านนา,12,partylist,election_day,387,361,21,5,0,1,0,0,0,0,1,1,0,43,0,229,3,0,1,0,0,2,0,0,0,0,0,1,36,0,0,2,3,1,0,0,0,0,0,0,2,0,3,18,5,0,2,1,0,0,0,0,1,3,0,0,0,2,0,0,0,361,0,0.0542635658914728,0.0129198966408268,0.9328165374677002,229.0,0.6343490304709142,0.5152354570637119,1.4145030939365315,97.02842377260984,False,True,UNUSUAL_VOTING_PATTERN,106,7.5640073,99.8794744,ที่ทำการกลุ่มแม่บ้านลำในใต้,True,1,0,8
ป่าพะยอม,บ้านพร้าว,1,partylist,election_day,438,419,7,12,1,2,0,0,0,0,1,0,0,109,0,213,3,0,0,0,0,3,0,2,0,0,0,0,45,0,4,0,3,0,0,0,0,0,0,0,1,0,0,23,3,1,0,1,0,0,0,0,0,0,0,0,0,4,0,0,0,419,0,0.0159817351598173,0.0273972602739726,0.95662100456621,213.0,0.5083532219570406,0.2482100238663484,1.446523376866445,98.65296803652969,False,True,UNUSUAL_VOTING_PATTERN,107,7.814176799999999,99.9520961,เต๊นท์บริเวณตลาดใหม่ป่าพะยอม,True,1,1,9
ป่าพะยอม,บ้านพร้าว,2,partylist,election_day,392,368,11,13,0,0,1,0,1,0,3,0,0,65,0,197,3,0,0,0,0,0,0,0,0,0,0,0,51,0,0,0,8,1,0,0,2,0,0,0,1,1,1,10,5,1,0,0,0,1,0,0,2,4,0,0,0,5,0,0,0,363,5,0.0280612244897959,0.0331632653061224,0.9387755102040816,197.0,0.5353260869565217,0.358695652173913,1.5326545790031734,76.57497781721385,False,False,SCORE_BALLOT_MISMATCH,108,7.8144408,99.9409196,ศาลาประจำหมู่บ้านบ้านพร้าว,True,1,1,9
ป่าพะยอม,บ้านพร้าว,3,partylist,election_day,506,481,18,7,0,0,0,0,1,0,0,0,0,79,1,264,4,0,1,0,0,3,0,0,0,0,1,0,63,0,0,5,10,0,0,0,0,0,0,0,2,0,2,18,6,4,0,0,3,2,0,1,0,5,1,0,0,3,0,2,0,481,0,0.0355731225296442,0.0138339920948616,0.950592885375494,264.0,0.5488565488565489,0.3846153846153846,1.5881854555913728,97.94466403162056,False,False,NORMAL,109,7.7965689,99.92745370000002,ศาลาประจำหมู่บ้านบ้านตลิ่งชัน,False,0,0,-1
ป่าพะยอม,บ้านพร้าว,4,partylist,election_day,677,645,23,9,0,2,0,0,2,0,2,2,0,90,0,345,11,0,1,0,0,7,0,0,0,1,1,0,110,0,0,2,12,0,0,1,0,0,0,1,7,0,0,15,10,4,0,0,0,0,1,0,2,13,0,0,0,1,0,1,1,645,0,0.0339734121122599,0.0132939438700147,0.9527326440177252,345.0,0.5348837209302325,0.3643410852713178,1.6128923423269452,98.0354505169867,False,False,NORMAL,110,7.830872999999999,99.930464,ศาลาประจำหมู่บ้านบ้านศาลาน้ำ,False,0,0,10
ป่าพะยอม,บ้านพร้าว,5,partylist,election_day,318,306,9,3,1,0,0,0,0,0,0,0,0,45,0,207,2,0,2,1,0,1,0,0,0,0,0,0,19,0,1,0,4,0,0,0,0,0,0,0,0,0,0,14,3,0,0,0,0,2,0,1,1,0,1,0,0,1,0,0,0,306,0,0.0283018867924528,0.0094339622641509,0.9622641509433962,207.0,0.6764705882352942,0.5294117647058824,1.210305223330762,98.39622641509436,False,False,NORMAL,111,7.836562000000001,99.9709605,ศาลาประจำหมู่บ้านบ้านบ่อทราย,False,0,0,-1
ป่าพะยอม,บ้านพร้าว,6,partylist,election_day,243,231,8,4,0,0,1,0,0,0,1,0,1,26,0,153,2,0,0,0,0,3,0,0,0,0,0,0,24,0,0,2,1,0,0,0,0,0,0,0,1,0,1,4,6,0,0,0,0,2,0,0,0,0,0,0,0,0,0,1,2,231,0,0.0329218106995884,0.0164609053497942,0.9506172839506172,153.0,0.6623376623376623,0.5497835497835498,1.3048525483560636,98.0246913580247,False,False,NORMAL,112,7.8144408,99.9409196,ศาลาประจำหมู่บ้านบ้านไสอ้อ,False,0,0,9
ป่าพะยอม,บ้านพร้าว,7,partylist,election_day,628,603,13,12,0,2,0,0,0,0,3,0,1,81,1,346,7,0,0,0,0,5,0,1,0,2,0,0,79,0,1,0,10,2,0,0,0,0,0,0,3,1,2,34,6,1,0,0,0,0,1,0,2,10,1,0,0,1,0,0,0,603,0,0.0207006369426751,0.019108280254777,0.9601910828025476,346.0,0.5737976782752903,0.439469320066335,1.5331032652202212,98.58280254777073,False,False,NORMAL,113,7.8144408,99.9409196,ศาลาประจำหมู่บ้านบ้านหาดสูง,False,0,0,9
ป่าพะยอม,บ้านพร้าว,8,partylist,election_day,373,360,13,0,0,0,0,1,0,0,1,0,0,46,1,217,6,0,0,0,1,1,1,0,0,0,1,0,54,0,0,1,2,0,0,0,0,0,0,0,1,0,3,7,7,0,0,0,0,0,0,1,0,8,0,0,0,0,0,0,0,360,0,0.03485254691689,0.0,0.96514745308311,217.0,0.6027777777777777,0.4527777777777778,1.3909058899669482,98.25737265415547,False,False,NORMAL,114,7.8144408,99.9409196,ศาลาประจำหมู่บ้านบ้านไสกล้วย,False,0,0,9
ป่าพะยอม,บ้านพร้าว,9,partylist,election_day,687,657,22,8,0,0,0,0,2,0,1,5,2,69,0,420,10,0,1,0,0,3,0,0,0,0,0,0,94,1,0,2,5,0,0,1,0,1,0,0,1,1,3,11,8,4,0,0,1,0,1,0,0,6,0,2,0,2,0,0,0,657,0,0.032023289665211,0.0116448326055312,0.9563318777292577,420.0,0.639269406392694,0.4961948249619482,1.36122811700354,98.16593886462884,False,False,NORMAL,115,7.7994581,99.9130875,ศาลาประจำหมู่บ้านบ้านหน้าป่า,False,0,0,-1
ป่าพะยอม,บ้านพร้าว,10,partylist,election_day,636,605,23,8,0,1,0,0,1,0,3,0,0,99,0,366,7,0,1,1,0,2,0,0,0,0,0,0,65,1,0,1,6,1,2,1,0,0,0,0,1,0,0,15,11,2,0,1,0,0,1,1,0,9,0,1,0,5,0,0,0,605,0,0.0361635220125786,0.0125786163522012,0.95125786163522,366.0,0.6049586776859505,0.4413223140495868,1.4246296194935322,97.94025157232704,False,False,NORMAL,116,7.8144408,99.9409196,ศาลาประจำหมู่บ้านบ้านไผ่รอบ,False,0,0,9
ป่าพะยอม,บ้านพร้าว,11,partylist,election_day,443,418,17,8,0,1,0,0,1,0,0,0,0,52,0,237,6,0,0,1,0,9,1,0,0,0,0,0,52,0,5,2,2,0,0,0,1,0,0,0,3,2,0,17,11,2,0,1,0,0,1,0,1,6,0,0,0,4,0,0,0,418,0,0.0383747178329571,0.0180586907449209,0.9435665914221218,237.0,0.5669856459330144,0.4425837320574162,1.6213412622493284,97.72009029345372,False,False,NORMAL,117,7.836562000000001,99.9709605,ศาลาประจำหมู่บ้านบ้านบ่อทรายใน,False,0,0,-1
ควนขนุน,ปันแต,1,partylist,election_day,227,217,7,3,0,0,0,0,0,0,1,0,0,27,0,133,3,0,1,0,0,3,0,1,0,0,0,0,25,0,1,0,2,0,0,0,0,0,0,0,0,0,2,11,0,0,0,1,0,2,0,1,0,2,0,0,0,1,0,0,0,217,0,0.0308370044052863,0.013215859030837,0.9559471365638766,133.0,0.6129032258064516,0.488479262672811,1.4241847994640289,98.19383259911892,False,False,NORMAL,118,7.792807099999998,100.0611429,ศาลาประจำหมู่บ้านบ้านปลายคลอง,False,0,0,-1
ควนขนุน,ปันแต,2,partylist,election_day,129,126,2,1,0,0,0,0,0,0,0,0,0,15,1,77,0,0,0,0,0,0,0,0,0,0,0,0,8,1,2,0,1,0,0,0,0,0,0,0,0,0,0,19,1,0,0,0,0,0,0,0,0,1,0,0,0,0,0,0,0,126,0,0.0155038759689922,0.0077519379844961,0.9767441860465116,77.0,0.6111111111111112,0.4603174603174603,1.2723141466499877,99.06976744186048,False,False,NORMAL,119,7.791803600000001,100.0351252,ศาลาประจำหมู่บ้านบ้านปันแต,False,0,0,-1
ควนขนุน,ปันแต,3,partylist,election_day,493,483,5,5,0,0,0,0,0,0,2,0,0,62,0,317,5,0,2,0,0,3,0,0,0,0,0,0,57,0,0,2,3,0,0,0,0,2,0,0,1,0,0,16,3,1,0,1,0,0,0,0,1,3,0,2,0,0,0,0,0,483,0,0.0101419878296146,0.0101419878296146,0.9797160243407708,317.0,0.6563146997929606,0.5279503105590062,1.2433053806793082,99.29006085192697,False,False,NORMAL,120,7.804429099999999,100.0067757,ศาลาประจำหมู่บ้านบ้านสำนักกอ,False,0,0,-1
ควนขนุน,ปันแต,4,partylist,election_day,251,240,9,2,0,0,0,0,1,0,2,0,0,16,0,141,1,0,1,0,0,1,0,0,0,0,0,0,59,0,0,0,5,0,0,0,0,0,0,0,0,0,1,8,2,0,0,0,0,0,0,0,0,2,0,0,0,0,0,0,0,240,0,0.0358565737051792,0.0079681274900398,0.9561752988047808,141.0,0.5875,0.3416666666666667,1.2658352638896389,98.04780876494024,False,False,NORMAL,121,7.804978500000001,100.0569463,ศาลาประจำหมู่บ้านบ้านปากสระ,False,0,0,-1
ควนขนุน,ปันแต,5,partylist,election_day,490,467,13,10,0,0,0,0,0,0,2,0,0,47,2,283,5,0,1,0,0,4,1,1,0,0,0,0,80,1,1,1,4,0,1,0,0,0,0,0,3,0,3,18,2,1,0,0,0,0,0,0,0,4,0,1,0,0,0,1,0,467,0,0.0265306122448979,0.0204081632653061,0.953061224489796,283.0,0.6059957173447538,0.4346895074946467,1.3997757021219426,98.26530612244898,False,False,NORMAL,122,7.8043368,100.0275755,ศาลาประจำหมู่บ้านบ้านควนปันแต,False,0,0,-1
ควนขนุน,ปันแต,6,partylist,election_day,498,477,15,6,1,0,0,0,0,0,0,0,1,59,1,267,5,0,0,0,0,6,0,0,0,1,2,0,79,0,0,1,6,0,0,0,0,0,0,0,2,0,1,25,7,1,0,1,1,0,1,0,1,7,0,0,0,1,0,0,0,477,0,0.0301204819277108,0.0120481927710843,0.9578313253012049,267.0,0.559748427672956,0.3941299790356394,1.5184766356434252,98.25301204819276,False,False,NORMAL,123,7.7882409,100.0275755,ศาลาประจำหมู่บ้านบ้านในไร่,False,0,0,-1
ควนขนุน,ปันแต,7,partylist,election_day,200,195,3,2,0,1,0,0,0,0,2,0,0,23,0,104,2,0,0,1,0,2,0,0,0,0,0,0,45,0,0,0,2,0,0,0,0,0,0,0,0,0,0,5,1,1,0,0,0,1,0,0,1,2,0,0,0,2,0,0,0,195,0,0.015,0.01,0.975,104.0,0.5333333333333333,0.3025641025641025,1.4637801316630932,99.05,False,False,NORMAL,124,7.7850935,100.0471549,ศาลาประจำหมู่บ้านบ้านโพธิ์,False,0,0,-1
ควนขนุน,ปันแต,8,partylist,election_day,171,168,3,0,0,1,0,0,2,0,1,0,0,16,0,115,3,0,1,0,0,2,1,0,0,0,0,0,17,1,0,0,1,0,0,0,0,0,0,0,0,1,0,4,0,0,0,0,0,1,0,0,0,1,0,0,0,0,0,0,0,168,0,0.0175438596491228,0.0,0.9824561403508772,115.0,0.6845238095238095,0.5833333333333334,1.2560660972646305,99.12280701754386,False,False,NORMAL,125,7.782078799999999,100.0611429,ศาลาประจำหมู่บ้านบ้านสุนทราออก,False,0,0,-1
ควนขนุน,ปันแต,9,partylist,election_day,349,342,5,2,0,0,0,0,0,0,1,0,0,38,0,221,4,0,1,1,0,3,0,0,0,0,0,0,44,0,0,0,2,0,0,0,0,0,0,0,0,0,1,17,1,1,0,0,1,0,2,0,0,1,0,0,1,2,0,0,0,342,0,0.0143266475644699,0.0057306590257879,0.9799426934097422,221.0,0.6461988304093568,0.5175438596491229,1.2766496281730473,99.16905444126074,False,False,NORMAL,126,7.782478,100.0443576,ศาลาประจำหมู่บ้านบ้านสุนทราตก,False,0,0,-1
ควนขนุน,ปันแต,10,partylist,election_day,353,338,10,5,0,0,0,0,0,0,3,0,1,46,0,153,5,0,0,0,0,5,0,0,0,1,1,0,63,0,0,0,0,0,0,0,1,0,0,0,0,0,1,40,4,3,0,0,0,0,0,0,0,9,0,1,0,1,0,0,0,338,0,0.0283286118980169,0.0141643059490084,0.9575070821529744,153.0,0.4526627218934911,0.2662721893491124,1.674071269342131,98.30028328611898,False,False,NORMAL,127,7.7735798,100.0289689,สถานปฏิบัติธรรมบ้านไสหลวง,False,0,1,-1
ควนขนุน,ปันแต,11,partylist,election_day,384,358,23,3,0,0,0,1,0,0,1,0,0,32,0,212,1,0,0,0,0,5,0,0,0,0,1,0,45,0,0,4,1,1,0,2,0,1,0,0,0,0,0,30,8,2,0,1,0,0,1,1,2,3,0,0,0,3,0,0,0,358,0,0.0598958333333333,0.0078125,0.9322916666666666,212.0,0.5921787709497207,0.4664804469273743,1.520717263593315,96.84895833333331,False,True,UNUSUAL_VOTING_PATTERN,128,7.734939400000001,100.0100936,ศาลาประจำหมู่บ้านบ้านทุ่งลาน,True,1,1,0
ควนขนุน,ปันแต,12,partylist,election_day,336,328,4,4,0,0,0,0,2,0,1,0,0,45,0,192,2,0,0,0,0,0,0,0,0,0,0,0,47,0,0,0,5,1,0,1,0,0,0,0,0,2,1,22,4,0,0,0,0,1,0,0,1,1,0,0,0,0,0,0,0,328,0,0.0119047619047619,0.0119047619047619,0.9761904761904762,192.0,0.5853658536585366,0.4420731707317073,1.3800561546851684,99.16666666666666,False,False,NORMAL,129,7.791652699999999,99.9968167,ศาลาประจำหมู่บ้านบ้านหารเจ,False,0,0,-1
ควนขนุน,ปันแต,13,partylist,election_day,188,180,8,0,0,0,0,0,0,0,0,0,0,12,0,102,1,0,0,0,0,1,0,0,0,0,0,0,43,1,0,1,7,0,0,0,0,0,0,0,0,0,0,8,2,0,1,0,0,0,0,0,0,1,0,0,0,0,0,0,0,180,0,0.0425531914893617,0.0,0.9574468085106383,102.0,0.5666666666666667,0.3277777777777778,1.3321740205278736,97.87234042553192,False,False,NORMAL,130,7.762721,100.0576457,ศาลาประจำหมู่บ้านบ้านเขากลาง,False,0,0,11
ป่าพะยอม,ป่าพะยอม,1,partylist,election_day,453,432,16,5,0,0,0,1,1,0,1,0,1,43,0,291,5,0,1,0,0,4,0,0,0,0,0,0,51,0,1,1,7,0,0,0,0,0,0,0,1,1,2,8,0,0,0,1,0,0,1,0,2,5,0,2,0,1,0,0,0,432,0,0.0353200883002207,0.0110375275938189,0.9536423841059604,291.0,0.6736111111111112,0.5555555555555556,1.27850168542079,98.01324503311258,False,False,NORMAL,131,7.8521588,99.9353318,ศาลาประจำหมู่บ้านบ้านสังแกระ,False,0,0,10
ป่าพะยอม,ป่าพะยอม,2,partylist,election_day,337,318,11,8,2,0,0,0,0,0,1,0,0,35,3,176,3,0,0,0,0,1,0,1,0,0,0,0,53,0,0,2,20,0,0,0,0,0,0,0,1,1,0,7,5,2,0,0,0,0,0,0,1,3,0,0,0,1,0,0,0,318,0,0.0326409495548961,0.0237388724035608,0.9436201780415432,176.0,0.5534591194968553,0.3867924528301887,1.546650639210627,97.89317507418396,False,False,NORMAL,132,7.7542239,99.8194682,ศาลาประจำหมู่บ้านบ้านป่าพะยอม,False,0,0,-1
ป่าพะยอม,ป่าพะยอม,3,partylist,election_day,357,342,11,4,0,0,0,1,0,0,0,0,0,38,5,172,7,0,0,0,0,0,0,1,0,0,0,0,59,0,0,2,31,0,0,0,0,0,0,0,0,0,1,10,7,2,0,0,0,0,0,1,0,2,0,0,0,3,0,0,0,342,0,0.0308123249299719,0.011204481792717,0.957983193277311,172.0,0.5029239766081871,0.3304093567251462,1.6348220261291462,98.23529411764706,False,False,NORMAL,133,7.841230299999999,99.9385037,โรงเรียนอนุบาลป่าพะยอม,False,0,0,10
ป่าพะยอม,ป่าพะยอม,4,partylist,election_day,511,486,14,11,2,0,0,0,2,0,3,0,0,66,3,282,7,0,1,0,0,0,0,0,0,0,0,1,55,0,0,1,10,0,1,0,0,0,0,0,2,0,0,11,13,3,0,0,0,3,0,2,3,8,0,2,0,3,0,2,0,486,0,0.0273972602739726,0.0215264187866927,0.9510763209393346,282.0,0.5802469135802469,0.4444444444444444,1.599716723728947,98.19960861056752,False,False,NORMAL,134,7.8521588,99.9353318,ศาลาประจำหมู่บ้านบ้านทุง,False,0,0,10
ป่าพะยอม,ป่าพะยอม,5,partylist,election_day,397,389,7,1,1,0,0,0,0,0,1,0,1,45,0,253,5,0,2,1,0,4,0,0,0,0,0,0,40,0,1,0,7,0,0,0,1,0,0,0,3,0,6,7,5,0,0,0,0,0,0,0,1,4,0,0,0,1,0,0,0,389,0,0.017632241813602,0.0025188916876574,0.9798488664987406,253.0,0.6503856041131105,0.5347043701799485,1.3654747292357945,99.06801007556676,False,False,NORMAL,135,7.851793,99.964334,ศาลาประจำหมู่บ้านบ้านประดู่หอม,False,0,0,-1
ป่าพะยอม,ป่าพะยอม,6,partylist,election_day,531,499,12,20,0,0,0,0,0,0,4,2,0,64,0,336,3,0,1,0,0,3,1,0,0,0,0,0,37,0,1,1,9,1,1,0,0,1,0,0,0,0,1,11,3,1,0,2,0,1,0,2,1,6,0,2,0,4,0,0,0,499,0,0.0225988700564971,0.0376647834274952,0.9397363465160076,336.0,0.6733466933867736,0.5450901803607214,1.3273409679075907,98.11676082862525,False,True,UNUSUAL_VOTING_PATTERN,136,7.838677,99.863101,ศาลาประจำหมู่บ้านบ้านนาทราย,True,1,0,16
ป่าพะยอม,ป่าพะยอม,7,partylist,election_day,498,478,13,7,3,1,0,0,0,0,0,0,0,59,0,310,5,0,2,0,0,6,1,0,0,0,1,0,55,1,2,0,2,0,1,0,1,0,0,1,3,0,0,13,4,2,0,0,0,0,0,0,0,4,0,0,1,0,0,0,0,478,0,0.0261044176706827,0.0140562248995983,0.9598393574297188,310.0,0.6485355648535565,0.5251046025104602,1.3271740364940523,98.4136546184739,False,False,NORMAL,137,7.8521588,99.9353318,ศาลาประจำหมู่บ้านบ้านโคกกอ,False,0,0,10
ป่าพะยอม,ป่าพะยอม,8,partylist,election_day,571,557,7,7,0,0,0,1,0,0,3,0,0,57,1,370,5,0,0,0,0,2,0,0,0,0,0,0,54,1,0,3,2,0,0,1,1,0,0,0,5,0,3,24,6,1,0,3,0,0,0,0,2,10,0,0,0,1,0,1,0,557,0,0.0122591943957968,0.0122591943957968,0.9754816112084064,370.0,0.6642728904847397,0.5619389587073609,1.3363148230285806,99.14185639229422,False,False,NORMAL,138,7.8654527,99.959434,ศาลาประจำหมู่บ้านบ้านไสกุน,False,0,0,-1
ควนขนุน,พนมวังก์,1,partylist,election_day,400,393,4,3,0,2,1,0,0,0,1,1,0,58,0,234,5,0,0,0,0,2,0,1,0,1,0,0,45,0,3,0,4,1,0,0,0,0,0,0,5,0,1,19,2,0,0,0,0,1,0,0,4,1,0,0,0,1,0,0,0,393,0,0.01,0.0075,0.9825,234.0,0.5954198473282443,0.4478371501272264,1.4599815146380006,99.35,False,False,NORMAL,139,7.6738819,100.0809748,ศาลาอเนกประสงค์บ้านเขานม (อบต.หลังเก่า),False,0,0,-1
ควนขนุน,พนมวังก์,2,partylist,election_day,631,596,23,12,0,0,0,0,1,0,1,0,0,72,0,351,3,0,3,0,0,2,1,2,0,0,0,1,98,1,1,3,5,1,0,0,1,0,0,0,4,0,0,22,2,2,0,0,0,1,0,0,2,10,0,2,0,3,1,0,0,596,0,0.0364500792393026,0.0190174326465927,0.9445324881141046,351.0,0.5889261744966443,0.424496644295302,1.4565074397891735,97.797147385103,False,False,NORMAL,140,7.6920875,100.0469114,ศาลาประจำหมู่บ้านบ้านระหว่างควน,False,0,0,-1
ควนขนุน,พนมวังก์,3,partylist,election_day,574,545,17,12,0,1,0,0,0,0,0,0,0,92,0,288,3,0,0,0,0,5,1,0,0,2,0,0,96,0,0,1,6,0,0,0,0,0,0,1,0,0,0,16,8,2,0,1,2,0,1,2,1,7,0,3,0,5,0,1,0,545,0,0.0296167247386759,0.0209059233449477,0.9494773519163764,288.0,0.5284403669724771,0.3522935779816514,1.532501934484462,98.10104529616724,False,False,NORMAL,141,7.681553500000001,100.0052044,ศาลาประจำหมู่บ้านบ้านควนปริง,False,0,0,-1
ควนขนุน,พนมวังก์,4,partylist,election_day,530,502,20,8,0,0,0,0,0,0,4,1,1,63,0,233,6,0,1,2,0,7,1,0,0,0,0,0,134,0,0,2,7,0,1,0,0,0,0,1,3,1,1,13,5,1,0,0,0,0,0,0,0,4,0,0,0,8,0,1,1,502,0,0.0377358490566037,0.0150943396226415,0.9471698113207548,233.0,0.4641434262948207,0.197211155378486,1.635733339694016,97.81132075471696,False,False,NORMAL,142,7.653512500000001,100.0357031,โรงเรียนทุ่งยางเปล,False,0,1,-1
ควนขนุน,พนมวังก์,5,partylist,election_day,398,371,19,8,0,1,0,0,1,0,1,0,1,39,0,187,4,0,2,0,0,6,2,0,0,0,0,0,43,0,0,1,11,0,0,0,2,0,0,0,0,0,0,53,2,4,0,0,0,3,0,0,0,3,0,2,3,0,0,0,0,371,0,0.0477386934673366,0.0201005025125628,0.9321608040201004,187.0,0.5040431266846361,0.3611859838274933,1.7159593832201805,97.2110552763819,False,True,UNUSUAL_VOTING_PATTERN,143,7.6838149,100.03598974,ศาลาประจำหมู่บ้านบ้านพนมวังก์,True,1,1,-1
ควนขนุน,พนมวังก์,6,partylist,election_day,628,596,23,9,0,5,0,0,0,0,2,0,1,72,0,200,4,0,1,0,1,3,0,1,0,0,0,0,216,0,0,1,5,1,0,0,0,0,0,0,2,0,0,55,4,3,1,1,0,0,1,1,2,8,0,0,0,5,0,0,0,596,0,0.036624203821656,0.0143312101910828,0.9490445859872612,216.0,0.3624161073825503,0.0268456375838926,1.6726820968462115,97.88216560509554,False,True,UNUSUAL_VOTING_PATTERN,144,7.6731922,100.0191857,ศาลาประจำหมู่บ้านบ้านทุ่งขึงหนัง,True,1,1,-1
ควนขนุน,พนมวังก์,7,partylist,election_day,516,492,14,10,0,0,0,0,0,0,1,0,0,62,0,308,4,0,2,0,0,3,1,0,0,0,1,0,67,0,0,2,4,0,0,0,0,0,0,0,1,0,3,18,4,1,0,1,0,2,0,0,0,6,0,0,0,1,0,0,0,492,0,0.0271317829457364,0.0193798449612403,0.9534883720930232,308.0,0.6260162601626016,0.4898373983739837,1.3354079682521502,98.25581395348836,False,False,NORMAL,145,7.688851199999999,100.0064228,ศาลาประจำหมู่บ้านบ้านไสยวน,False,0,0,-1
ควนขนุน,พนมวังก์,8,partylist,election_day,551,523,23,5,0,1,0,1,0,0,0,0,0,61,0,316,3,0,0,0,0,4,0,0,0,1,0,0,67,0,1,2,8,0,0,0,0,0,0,0,3,1,5,28,5,3,0,0,0,1,1,1,1,4,0,3,0,2,0,0,0,523,0,0.0417422867513611,0.0090744101633393,0.9491833030852994,316.0,0.6042065009560229,0.4760994263862332,1.4711107575159124,97.73139745916517,False,False,NORMAL,146,7.697101200000001,100.0275755,ศาลาประจำหมู่บ้านบ้านเกาะอ้ายเฒ่า,False,0,0,-1
ควนขนุน,พนางตุง,1,partylist,election_day,412,384,18,10,0,0,0,1,0,0,1,1,0,50,1,104,6,0,0,1,0,5,0,0,0,0,0,0,122,0,0,2,5,0,1,0,0,0,0,0,4,0,0,63,9,2,0,1,0,0,0,1,0,3,0,0,0,0,0,0,1,384,0,0.0436893203883495,0.0242718446601941,0.9320388349514565,122.0,0.3177083333333333,0.046875,1.8257482318307143,97.33009708737865,False,True,UNUSUAL_VOTING_PATTERN,147,7.7777536,100.1167953,ศาลาประจำหมู่บ้านบ้านทะเลน้อย,True,1,1,6
ควนขนุน,พนางตุง,2,partylist,election_day,352,326,22,4,0,1,0,0,2,0,0,0,1,47,0,94,0,0,0,0,0,2,0,0,0,0,0,0,110,0,0,0,2,1,0,0,0,0,0,0,2,1,0,48,6,1,0,1,0,0,0,3,1,2,1,0,0,0,0,0,0,326,0,0.0625,0.0113636363636363,0.9261363636363636,110.0,0.3374233128834356,0.0490797546012269,1.7013912431413405,96.64772727272728,False,True,UNUSUAL_VOTING_PATTERN,148,7.7777536,100.1167953,ศาลาประจำหมู่บ้าน หมู่ที่ 2 บ้านทะเลน้อย,True,1,1,6
ควนขนุน,พนางตุง,3,partylist,election_day,650,629,14,7,0,0,0,0,1,0,3,0,0,111,0,271,11,0,0,0,0,1,0,0,0,0,0,0,143,2,1,1,3,0,0,0,0,0,0,0,4,0,2,48,7,2,0,1,0,2,0,3,0,3,0,2,0,6,0,1,0,629,0,0.0215384615384615,0.0107692307692307,0.9676923076923076,271.0,0.4308426073131955,0.2034976152623211,1.6542341882927336,98.7076923076923,False,False,NORMAL,149,7.777721799999999,100.1033782,โรงเรียนควนพนางตุง,False,0,1,6
ควนขนุน,พนางตุง,4,partylist,election_day,367,356,7,4,0,0,0,0,0,0,0,0,0,26,1,221,3,0,1,0,0,1,0,0,0,0,0,0,62,0,1,1,1,0,0,0,1,0,0,3,5,0,0,19,5,1,0,0,0,0,0,0,2,2,0,0,0,0,0,0,0,356,0,0.0190735694822888,0.0108991825613079,0.9700272479564032,221.0,0.6207865168539326,0.446629213483146,1.3384425817522287,98.8283378746594,False,False,NORMAL,150,7.7346142,100.1285201,ศาลาประจำหมู่บ้านบ้านชายคลอง,False,0,0,-1
ควนขนุน,พนางตุง,5,partylist,election_day,659,634,19,6,0,3,0,0,0,0,3,0,3,77,0,308,6,0,0,1,0,6,1,1,0,4,0,0,131,0,1,2,8,0,1,0,2,0,0,0,11,0,1,32,13,2,0,0,0,0,1,0,2,6,0,0,0,7,0,0,1,634,0,0.0288315629742033,0.0091047040971168,0.96206373292868,308.0,0.4858044164037854,0.279179810725552,1.7326392102334065,98.3763277693475,False,False,NORMAL,151,7.7462876,100.1069393,ศาลาประจำหมู่บ้านบ้านท่าช้าง,False,0,1,-1
ควนขนุน,พนางตุง,6,partylist,election_day,680,655,19,6,1,2,0,0,0,0,4,0,0,52,1,325,4,0,0,0,0,5,1,1,0,1,1,1,182,0,0,2,2,1,0,1,0,0,1,0,2,2,1,34,6,1,0,0,0,2,0,0,4,12,0,0,1,2,0,0,0,655,0,0.0279411764705882,0.0088235294117647,0.9632352941176472,325.0,0.4961832061068702,0.2183206106870229,1.5576282867122018,98.4264705882353,False,False,NORMAL,152,7.7615069,100.1367166,ศาลาประจำหมู่บ้านบ้านไสคลิ้ง,False,0,1,-1
ควนขนุน,พนางตุง,7,partylist,election_day,483,455,25,3,1,0,0,1,1,0,1,0,0,41,0,209,5,0,1,0,0,4,0,0,0,0,0,0,148,0,0,2,3,0,1,0,0,0,0,0,2,1,1,5,7,0,0,1,0,1,0,0,1,13,2,1,0,2,0,0,0,455,0,0.05175983436853,0.0062111801242236,0.9420289855072465,209.0,0.4593406593406593,0.134065934065934,1.536038048660175,97.287784679089,False,True,UNUSUAL_VOTING_PATTERN,153,7.767323999999999,100.08837,ศาลาประจำหมู่บ้านบ้านค่าย,True,1,1,-1
ควนขนุน,พนางตุง,8,partylist,election_day,726,682,38,6,0,2,0,0,1,0,3,0,3,72,1,388,7,0,1,1,0,15,2,0,0,0,0,0,89,1,0,2,9,1,0,1,0,0,1,0,7,2,2,33,9,1,0,1,0,2,1,0,3,17,0,1,0,2,0,0,1,682,0,0.0523415977961432,0.0082644628099173,0.9393939393939394,388.0,0.5689149560117303,0.43841642228739,1.6704355900315742,97.21763085399448,False,False,NORMAL,154,7.7801171,100.0898175,ที่ทำการกำนันตำบลพนางตุง,False,0,1,-1
ควนขนุน,พนางตุง,9,partylist,election_day,166,160,3,3,0,0,0,0,0,0,0,0,0,24,0,76,2,0,0,0,0,1,0,0,0,0,0,0,36,0,0,0,4,0,0,0,0,0,0,0,0,0,1,10,2,0,0,0,0,0,0,0,0,2,0,2,0,0,0,0,0,160,0,0.0180722891566265,0.0180722891566265,0.963855421686747,76.0,0.475,0.25,1.5218493565248803,98.73493975903617,False,False,NORMAL,155,7.734145599999999,100.0256023,ศาลาประจำหมู่บ้านบ้านปากคลองเก่า,False,0,0,0
ควนขนุน,พนางตุง,10,partylist,election_day,632,592,31,9,0,3,1,0,0,0,3,0,0,60,1,338,10,0,0,0,0,3,1,2,0,0,0,1,102,0,0,0,7,1,1,0,0,0,0,0,5,0,4,28,0,0,0,2,0,1,0,1,0,4,0,0,0,0,0,0,2,581,11,0.0490506329113924,0.0142405063291139,0.9367088607594936,338.0,0.5709459459459459,0.3986486486486486,1.4616004991026554,75.40455011974,False,False,INCOMPLETE_DOCUMENT,156,7.789683200000001,100.0953331,โรงเรียนบ้านธรรมเถียร,True,1,1,-1
ควนขนุน,พนางตุง,11,partylist,election_day,338,324,8,6,0,0,1,1,0,0,2,0,1,22,0,188,3,0,1,0,0,1,0,0,0,0,1,0,84,0,0,0,4,0,0,1,0,0,0,0,0,0,0,9,0,1,0,0,0,0,1,0,0,2,0,0,0,1,0,0,0,324,0,0.0236686390532544,0.0177514792899408,0.9585798816568049,188.0,0.5802469135802469,0.3209876543209876,1.2868198790099177,98.46153846153848,False,False,NORMAL,157,7.7781796,100.118286,ศาลาประจำหมู่บ้านบ้านไทรงาม,False,0,0,6
ควนขนุน,พนางตุง,12,partylist,election_day,548,515,27,6,0,0,1,1,0,0,1,0,2,54,1,243,6,0,0,0,0,1,0,0,0,0,0,1,136,0,1,2,1,3,0,1,0,0,0,0,5,0,2,28,8,0,0,1,0,2,0,0,0,10,0,2,0,2,0,0,0,515,0,0.0492700729927007,0.010948905109489,0.9397810218978102,243.0,0.4718446601941747,0.2077669902912621,1.619478371217378,97.31751824817518,False,False,NORMAL,158,7.7615069,100.1367166,ศาลาเฉลิมพระเกียรติบ้านปากห้วย,False,0,1,-1
ควนขนุน,พนางตุง,13,partylist,election_day,510,466,34,10,0,0,0,0,1,0,1,0,0,89,1,161,1,1,0,0,0,4,0,0,0,1,1,0,110,0,2,0,4,0,0,1,0,0,0,0,3,0,0,63,7,1,0,0,0,0,1,1,0,6,0,0,0,6,0,0,0,466,0,0.0666666666666666,0.0196078431372549,0.9137254901960784,161.0,0.3454935622317596,0.1094420600858369,1.7524258949438891,96.27450980392156,True,True,UNUSUAL_VOTING_PATTERN,159,7.7615069,100.1367166,ศาลาเอนกประสงค์ หมู่ที่ 13,True,1,1,-1
ควนขนุน,มะกอกเหนือ(เทศบาล),1,partylist,election_day,400,392,6,2,0,0,0,0,0,0,0,0,0,54,0,217,1,0,0,0,0,3,0,1,0,0,0,0,89,0,1,2,2,0,0,0,0,0,0,1,0,0,0,13,1,0,0,0,0,0,0,0,0,5,0,1,0,0,0,1,0,392,0,0.015,0.005,0.98,217.0,0.5535714285714286,0.3265306122448979,1.303426487912081,99.15,False,False,NORMAL,160,7.7391571,100.0863987,วัดประดู่เรียง,False,0,0,-1
ควนขนุน,มะกอกเหนือ(เทศบาล),2,partylist,election_day,307,296,4,7,0,1,0,1,0,0,3,0,0,33,1,154,0,0,0,0,1,1,0,1,0,0,0,0,69,1,0,0,1,0,0,0,0,0,0,0,1,0,1,13,2,0,0,0,0,0,0,1,0,4,0,1,0,6,0,0,0,296,0,0.013029315960912,0.022801302931596,0.9641693811074918,154.0,0.5202702702702703,0.2871621621621621,1.509443892664345,98.89250814332247,False,False,NORMAL,161,7.7416636,100.0695367,อาคารศูนย์ออกกำลังกาย (Fitness) ทต.มะกอกเหนือ,False,0,0,11
ควนขนุน,มะกอกเหนือ(เทศบาล),3,partylist,election_day,374,366,3,5,0,0,0,0,1,0,1,0,0,65,0,181,2,0,0,0,0,0,0,0,0,0,0,0,69,0,1,1,6,1,0,0,1,0,0,1,4,0,0,15,5,1,0,1,0,0,1,0,2,2,0,0,0,5,0,0,0,366,0,0.0080213903743315,0.0133689839572192,0.9786096256684492,181.0,0.494535519125683,0.3060109289617486,1.581359471369608,99.33155080213903,False,False,NORMAL,162,7.736405899999999,100.0686586,อาคารอเนกประสงค์(ข้างศูนย์พัฒนาเด็กเล็กบ้านปากคลอง),False,0,0,11
ควนขนุน,มะกอกเหนือ(เทศบาล),4,partylist,election_day,229,226,3,0,0,0,0,0,1,0,0,0,0,29,0,122,3,0,0,0,0,0,0,1,0,0,0,0,44,0,2,0,0,0,0,0,0,0,0,0,3,1,0,11,4,0,0,0,0,0,0,0,1,1,0,0,0,3,0,0,0,226,0,0.0131004366812227,0.0,0.9868995633187772,122.0,0.5398230088495575,0.3451327433628318,1.4672503938569623,99.34497816593888,False,False,NORMAL,163,7.7416636,100.0695367,ศาลาเฉลิมพระเกียรติ ร.9,False,0,0,11
ควนขนุน,มะกอกเหนือ,1,partylist,election_day,478,458,11,9,0,1,0,1,2,0,2,0,0,64,0,247,3,0,2,1,0,2,0,1,0,1,0,0,82,2,0,1,6,0,0,1,2,0,0,1,4,0,0,14,5,1,0,0,0,0,0,2,1,7,0,0,0,2,0,0,0,458,0,0.0230125523012552,0.0188284518828451,0.9581589958158996,247.0,0.5393013100436681,0.3602620087336244,1.5905466863133535,98.47280334728032,False,False,NORMAL,164,7.7409914,100.0858852,โรงอาหารโรงเรียนประดู่เรียง,False,0,0,-1
ควนขนุน,มะกอกเหนือ,2,partylist,election_day,93,90,1,2,0,0,0,0,0,0,0,0,0,15,0,36,1,0,1,0,0,0,0,0,0,0,0,0,27,0,0,1,0,1,0,0,0,0,0,0,1,0,1,3,0,0,0,0,0,0,0,0,0,2,0,0,0,1,0,0,0,90,0,0.010752688172043,0.021505376344086,0.967741935483871,36.0,0.4,0.1,1.5742856546614403,99.03225806451611,False,False,NORMAL,165,7.739052,100.0712741,ศาลาประจำหมู่บ้านบ้านปากคลองเก่า,False,0,1,11
ควนขนุน,มะกอกเหนือ,3,partylist,election_day,113,108,1,4,0,0,0,0,0,0,1,0,1,11,0,60,0,0,0,0,0,0,0,0,0,0,0,0,21,0,0,0,2,0,0,0,0,0,0,0,0,0,0,5,6,0,0,0,0,0,0,0,0,1,0,0,0,0,0,0,0,108,0,0.0088495575221238,0.0353982300884955,0.9557522123893806,60.0,0.5555555555555556,0.3611111111111111,1.3843855450412683,98.84955752212387,False,True,UNUSUAL_VOTING_PATTERN,166,7.7544444,100.0663889,ศาลาประจำหมู่บ้านบ้านเขาอ้อ,True,1,1,11
ควนขนุน,มะกอกเหนือ,4,partylist,election_day,259,249,2,8,0,1,0,0,1,0,3,0,0,40,0,102,2,0,0,0,0,2,0,0,0,0,0,0,58,0,0,0,3,0,0,0,0,0,0,0,0,0,1,26,2,0,0,0,3,0,0,0,2,2,0,0,0,0,0,1,0,249,0,0.0077220077220077,0.0308880308880308,0.9613899613899614,102.0,0.4096385542168674,0.1767068273092369,1.6767396750855252,98.996138996139,False,True,UNUSUAL_VOTING_PATTERN,167,7.7416636,100.0695367,ศาลาประจำหมู่บ้านบ้านค่ายเสือ,True,1,1,11
ควนขนุน,มะกอกเหนือ,5,partylist,election_day,461,440,11,10,0,1,0,0,1,1,1,0,0,55,0,257,3,0,1,2,0,3,0,1,0,0,0,0,53,0,2,1,9,0,1,0,0,0,0,0,0,0,0,36,1,1,0,0,0,0,0,0,1,7,1,0,0,1,0,0,0,440,0,0.0238611713665943,0.0216919739696312,0.9544468546637744,257.0,0.5840909090909091,0.4590909090909091,1.47607316577094,98.37310195227764,False,False,NORMAL,168,7.7416636,100.0695367,ศาลาประจำหมู่บ้านบ้านนาสวน,False,0,0,11
ควนขนุน,มะกอกเหนือ,6,partylist,election_day,477,463,9,5,0,0,0,0,1,0,1,0,0,54,0,234,4,0,0,0,1,6,0,0,0,0,0,0,63,0,1,2,9,0,0,0,0,0,0,0,4,1,0,59,3,4,0,0,0,0,0,1,1,6,0,1,0,5,0,1,1,463,0,0.0188679245283018,0.010482180293501,0.9706498951781972,234.0,0.5053995680345572,0.3693304535637149,1.6794474333286251,98.84696016771488,False,False,NORMAL,169,7.734133699999999,100.0518935,ศาลาเอนกประสงค์โรงเรียนวัดบ้านสวน,False,0,0,-1
ควนขนุน,มะกอกเหนือ,7,partylist,election_day,485,466,8,11,0,1,0,0,1,0,2,0,0,73,1,233,3,0,1,0,0,1,0,0,0,0,0,0,74,0,1,0,6,0,0,0,0,0,0,0,5,0,0,48,5,0,0,1,1,1,0,1,1,1,0,1,0,3,0,1,0,466,0,0.0164948453608247,0.022680412371134,0.9608247422680412,233.0,0.5,0.3412017167381974,1.5896000797518992,98.72164948453609,False,False,NORMAL,170,7.7335541,100.051063,ศาลาการเปรียญวัดบ้านสวน,False,0,0,-1
ควนขนุน,มะกอกเหนือ,8,partylist,election_day,420,405,10,5,0,2,0,1,0,0,1,0,0,39,0,189,0,0,0,0,0,4,1,0,0,0,0,1,100,1,0,2,3,0,0,0,1,0,0,0,4,0,0,42,5,0,0,0,0,0,1,1,0,5,0,0,0,2,0,0,0,405,0,0.0238095238095238,0.0119047619047619,0.9642857142857144,189.0,0.4666666666666667,0.219753086419753,1.5947322854406047,98.57142857142856,False,False,NORMAL,171,7.713126,100.086706,วัดมะกอกเหนือ,False,0,1,-1
ควนขนุน,มะกอกเหนือ,9,partylist,election_day,413,399,9,5,0,1,0,0,0,0,0,0,3,38,0,200,2,1,2,0,0,2,1,0,0,0,0,0,85,0,0,1,11,0,0,0,0,0,0,1,2,1,0,29,12,0,0,1,0,0,0,1,0,3,0,0,0,1,0,0,1,399,0,0.0217917675544794,0.0121065375302663,0.9661016949152542,200.0,0.5012531328320802,0.2882205513784461,1.6242965992827934,98.6682808716707,False,False,NORMAL,172,7.755263100000001,100.0397776,ศาลาประจำหมู่บ้านบ้านดอนศาลา,False,0,0,-1
ควนขนุน,มะกอกเหนือ,10,partylist,election_day,162,153,6,3,0,1,0,0,0,0,1,0,1,26,0,65,5,0,0,0,0,1,0,0,0,0,0,0,18,0,1,2,5,2,0,0,0,0,0,0,0,0,1,17,2,1,0,0,0,0,0,0,1,2,0,0,0,0,0,1,0,153,0,0.037037037037037,0.0185185185185185,0.9444444444444444,65.0,0.4248366013071895,0.2549019607843137,1.9070617279827489,97.7777777777778,False,True,UNUSUAL_VOTING_PATTERN,173,7.7416636,100.0695367,ที่อ่านหนังสือประจำหมู่บ้านบ้านไสเลียบ,True,1,1,11
ป่าพะยอม,ลานข่อย,1,partylist,election_day,328,311,14,3,0,0,0,0,0,0,1,0,0,51,0,177,2,0,2,0,0,5,0,0,0,0,0,0,35,2,0,0,5,0,0,0,0,0,0,0,0,0,2,17,5,0,1,0,0,0,1,0,1,3,0,0,0,1,0,0,0,311,0,0.0426829268292682,0.0091463414634146,0.948170731707317,177.0,0.5691318327974276,0.405144694533762,1.4880694332963118,97.68292682926828,False,False,NORMAL,174,7.8872993,99.8553365,ศาลาประจำหมู่บ้านบ้านลานข่อย,False,0,0,-1
ป่าพะยอม,ลานข่อย,2,partylist,election_day,438,422,9,7,0,2,0,0,4,0,2,0,0,58,1,237,5,0,0,0,0,7,0,0,0,0,1,0,58,5,2,2,4,0,0,1,0,0,0,2,2,0,2,20,2,0,0,0,0,2,0,0,0,2,0,1,0,0,0,0,0,422,0,0.0205479452054794,0.0159817351598173,0.9634703196347032,237.0,0.5616113744075829,0.424170616113744,1.5864144685114228,98.65296803652969,False,False,NORMAL,175,7.8875764,99.87482,ศาลาการเปรียญวัดลานข่อย,False,0,0,-1
ป่าพะยอม,ลานข่อย,3,partylist,election_day,361,347,11,3,0,0,0,0,0,0,2,0,0,44,0,187,3,0,1,0,0,5,0,0,0,1,0,1,76,1,2,0,1,0,0,1,0,0,0,0,0,1,0,11,1,0,0,0,0,0,0,0,1,5,0,1,0,1,0,0,1,347,0,0.0304709141274238,0.0083102493074792,0.961218836565097,187.0,0.5389048991354467,0.3198847262247838,1.4620134202369472,98.31024930747922,False,False,NORMAL,176,7.8553141,99.8013351,ศาลาประจำหมู่บ้านบ้านห้วยหลุด,False,0,0,12
ป่าพะยอม,ลานข่อย,4,partylist,election_day,355,341,10,4,0,0,0,0,0,0,2,0,0,29,0,212,1,0,0,0,0,1,0,0,0,0,0,0,44,0,0,0,3,0,0,0,0,0,0,0,1,1,0,32,6,0,0,0,0,0,1,0,0,5,0,1,0,2,0,0,0,341,0,0.028169014084507,0.0112676056338028,0.9605633802816902,212.0,0.6217008797653959,0.4926686217008797,1.3288856032428948,98.36619718309858,False,False,NORMAL,177,7.8808168,99.8327582,ศาลาประจำหมู่บ้านบ้านทุ่งชุมพล,False,0,0,-1
ป่าพะยอม,ลานข่อย,5,partylist,election_day,365,350,13,2,0,0,0,1,1,0,0,0,1,32,1,238,3,0,0,0,0,7,0,1,0,0,1,0,30,0,1,2,5,0,1,0,1,0,0,0,3,1,2,13,2,0,0,0,0,0,1,0,0,1,0,1,0,0,0,0,0,350,0,0.0356164383561643,0.0054794520547945,0.958904109589041,238.0,0.68,0.5885714285714285,1.3404950123657655,98.10958904109587,False,False,NORMAL,178,7.821256099999999,99.8794744,ศาลาประจำหมู่บ้านบ้านห้วยเรียน,False,0,0,16
ป่าพะยอม,ลานข่อย,6,partylist,election_day,364,356,6,2,0,0,0,0,0,0,3,0,0,39,0,226,2,0,1,0,0,1,0,0,0,0,0,1,36,0,1,1,4,0,1,0,0,0,0,0,0,1,2,19,10,0,0,0,0,0,2,0,0,2,0,3,0,0,0,1,0,356,0,0.0164835164835164,0.0054945054945054,0.978021978021978,226.0,0.6348314606741573,0.5252808988764045,1.3985860230596616,99.06593406593406,False,False,NORMAL,179,7.852371,99.797831,ศาลาประจำหมู่บ้านบ้านถ้ำลา,False,0,0,12
ป่าพะยอม,ลานข่อย,7,partylist,election_day,628,600,22,6,0,3,0,0,3,0,2,0,1,66,0,394,11,0,0,0,0,9,0,0,0,2,0,0,46,0,0,1,3,0,1,1,0,0,0,0,4,0,3,29,5,0,0,1,1,1,0,0,1,6,0,1,0,2,1,1,1,600,0,0.0350318471337579,0.0095541401273885,0.9554140127388536,394.0,0.6566666666666666,0.5466666666666666,1.4089203583637473,98.05732484076434,False,False,NORMAL,180,7.8553141,99.8013351,ศาลาประจำหมู่บ้านบ้านมาดนั่ง,False,0,0,12
ป่าพะยอม,ลานข่อย,8,partylist,election_day,361,349,7,5,0,0,2,0,3,0,1,1,0,32,1,223,1,0,2,0,0,5,0,0,0,0,0,0,38,0,0,0,3,1,0,0,0,0,0,0,4,0,2,20,3,2,0,0,0,0,0,0,0,1,0,1,0,2,0,1,0,349,0,0.0193905817174515,0.0138504155124653,0.9667590027700832,223.0,0.6389684813753582,0.5300859598853869,1.4274010830157713,98.75346260387812,False,False,NORMAL,181,7.8684401,99.902977,ศาลาประจำหมู่บ้านบ้านห้วยศรีเกษร,False,0,0,-1
ป่าพะยอม,ลานข่อย,9,partylist,election_day,513,488,17,8,0,2,0,0,2,0,0,0,0,80,2,291,3,0,0,0,0,4,1,0,0,1,0,1,54,1,0,3,2,1,0,1,0,0,0,0,0,3,1,19,4,0,0,0,0,1,0,2,0,9,0,0,0,0,0,0,0,488,0,0.0331384015594541,0.0155945419103313,0.9512670565302144,291.0,0.5963114754098361,0.4323770491803279,1.435124751902234,98.03118908382066,False,False,NORMAL,182,7.8553141,99.8013351,ศาลาประจำหมู่บ้านบ้านห้วยรำพึง,False,0,0,12
ป่าพะยอม,ลานข่อย,10,partylist,election_day,507,489,11,7,0,2,0,0,1,0,3,0,0,66,0,282,8,0,1,0,0,3,1,0,0,0,0,0,74,0,0,1,4,0,1,0,0,0,0,0,7,1,0,10,7,1,0,0,1,0,0,1,0,10,0,0,0,3,0,0,1,489,0,0.0216962524654832,0.0138067061143984,0.9644970414201184,282.0,0.5766871165644172,0.4253578732106339,1.503641052748682,98.63905325443788,False,False,NORMAL,183,7.8553141,99.8013351,ศาลาประจำหมู่บ้านบ้านควนยาว,False,0,0,12
ศรีนครินทร์,ลำสินธ์ุ,1,partylist,election_day,561,533,11,17,0,2,0,1,1,0,0,0,0,97,0,252,6,0,2,1,0,6,0,0,0,0,0,0,52,0,0,2,9,0,0,1,0,0,0,0,6,0,0,75,4,1,0,2,2,0,1,4,2,3,0,0,0,0,0,0,1,533,0,0.0196078431372549,0.0303030303030303,0.9500891265597148,252.0,0.4727954971857411,0.2908067542213883,1.698465089432302,98.41354723707664,False,True,UNUSUAL_VOTING_PATTERN,186,7.565728799999999,99.9318053,ศาลาประจำหมู่บ้านบ้านคลองหมวย,True,1,1,14
ศรีนครินทร์,ลำสินธ์ุ,2,partylist,election_day,399,380,15,4,0,0,0,0,1,0,1,0,0,55,0,202,2,0,0,0,0,6,0,0,0,0,0,0,60,0,2,1,5,0,1,0,1,1,0,1,1,0,0,28,5,1,0,0,0,1,0,0,0,5,0,0,0,0,0,0,0,380,0,0.037593984962406,0.0100250626566416,0.9523809523809524,202.0,0.531578947368421,0.3736842105263158,1.5472751624436405,97.91979949874688,False,False,NORMAL,187,7.5045591,99.9073986,ศาลาประจำหมู่บ้านบ้านสวนหมาก,False,0,0,13
ศรีนครินทร์,ลำสินธ์ุ,3,partylist,election_day,536,508,28,0,1,0,0,0,5,0,0,0,0,95,0,271,6,0,1,0,0,4,0,0,0,0,0,0,38,0,1,1,1,0,0,0,0,0,0,0,5,0,0,59,3,1,0,0,0,0,0,0,2,10,0,2,0,1,0,1,0,508,0,0.0522388059701492,0.0,0.9477611940298508,271.0,0.5334645669291339,0.3464566929133858,1.523631293399616,97.38805970149254,False,False,NORMAL,188,7.533063,99.937284,ศาลาประจำหมู่บ้านบ้านลำสินธุ์,False,0,0,-1
ศรีนครินทร์,ลำสินธ์ุ,4,partylist,election_day,221,209,10,2,0,0,0,0,0,0,0,0,0,26,0,101,3,0,0,0,1,4,0,0,0,0,2,0,27,0,1,0,3,0,0,0,1,0,0,0,1,0,0,31,0,3,0,0,0,1,0,0,1,3,0,0,0,0,0,0,0,209,0,0.0452488687782805,0.0090497737556561,0.9457013574660632,101.0,0.4832535885167464,0.3349282296650718,1.6753787487097922,97.55656108597285,False,False,NORMAL,189,7.5045591,99.9073986,ศาลาประจำหมู่บ้านบ้านห้วยทำผัง,False,0,1,13
ศรีนครินทร์,ลำสินธ์ุ,5,partylist,election_day,417,401,14,2,0,2,0,0,1,0,1,0,0,29,0,271,4,0,1,0,0,9,0,1,0,0,0,0,38,0,0,1,5,1,1,0,0,0,0,0,3,1,1,17,2,1,0,0,1,0,0,1,3,3,0,2,0,1,0,0,0,401,0,0.0335731414868105,0.0047961630695443,0.9616306954436452,271.0,0.6758104738154613,0.5810473815461347,1.3814116459334678,98.2254196642686,False,False,NORMAL,190,7.507218399999999,99.9070129,ศาลาประจำหมู่บ้านบ้านโหล๊ะไฟ,False,0,0,13
ศรีนครินทร์,ลำสินธ์ุ,6,partylist,election_day,591,567,19,5,0,1,1,0,0,0,2,0,0,59,0,388,3,0,1,0,0,7,1,1,1,1,0,0,39,0,2,1,3,0,1,0,0,0,0,0,2,0,2,30,9,1,0,0,0,0,0,1,2,8,0,0,0,0,0,0,0,567,0,0.0321489001692047,0.0084602368866328,0.9593908629441624,388.0,0.6843033509700176,0.5802469135802469,1.2928907380775785,98.22335025380713,False,False,NORMAL,191,7.501031,99.9085119,ศาลาประจำหมู่บ้านบ้านโตน,False,0,0,13
ศรีนครินทร์,ลำสินธ์ุ,7,partylist,election_day,604,567,33,4,0,0,0,0,6,0,0,0,0,32,0,389,5,1,0,0,0,9,0,1,2,1,0,0,52,0,1,2,1,1,0,0,0,0,0,0,6,0,3,23,4,1,0,3,0,2,1,0,4,13,0,2,0,1,1,0,0,567,0,0.0546357615894039,0.0066225165562913,0.9387417218543046,389.0,0.6860670194003528,0.5943562610229277,1.37702274995147,97.13576158940398,False,True,UNUSUAL_VOTING_PATTERN,192,7.508669999999999,99.921707,ศาลาประจำหมู่บ้านบ้านขาม,True,1,0,-1
ศรีนครินทร์,ลำสินธ์ุ,8,partylist,election_day,563,535,17,11,0,1,0,0,1,1,1,0,1,86,0,294,7,0,1,0,0,6,0,0,0,0,0,0,49,0,2,4,5,2,0,1,0,0,0,0,2,3,0,47,3,1,1,0,0,1,0,0,0,4,0,0,0,8,1,2,0,535,0,0.0301953818827708,0.019538188277087,0.950266429840142,294.0,0.5495327102803739,0.3887850467289719,1.6131372015072598,98.09946714031972,False,False,NORMAL,193,7.533063,99.937284,ศาลาประจำหมู่บ้านบ้านลำสินธุ์เหนือ,False,0,0,-1
ศรีนครินทร์,ลำสินธ์ุ,9,partylist,election_day,233,214,19,0,0,2,0,0,1,0,0,0,0,37,0,97,4,0,2,0,0,5,0,0,0,0,0,0,30,0,0,1,3,0,1,0,0,0,0,1,1,0,1,22,3,0,0,0,0,0,0,0,0,1,0,0,0,2,0,0,0,214,0,0.0815450643776824,0.0,0.9184549356223176,97.0,0.4532710280373832,0.2803738317757009,1.7597484125525502,95.92274678111588,True,True,UNUSUAL_VOTING_PATTERN,194,7.5045591,99.9073986,ศาลาประจำหมู่บ้านบ้านโหล๊ะอม,True,1,1,13
กงหรา2,สมหวัง,1,partylist,election_day,316,301,9,6,0,6,0,1,2,0,0,0,0,41,0,189,3,0,1,0,0,2,0,0,0,0,0,0,32,0,1,0,1,0,0,0,0,0,0,0,5,0,3,6,3,0,0,0,0,1,0,0,0,0,0,0,0,2,0,2,0,301,0,0.0284810126582278,0.0189873417721519,0.9525316455696202,189.0,0.627906976744186,0.4916943521594684,1.392056508250072,98.19620253164555,False,False,NORMAL,195,7.5077431,100.0024084,ศาลาประจำหมู่บ้านบ้านคลองลำ,False,0,0,-1
กงหรา2,สมหวัง,2,partylist,election_day,665,631,23,11,0,1,0,0,2,0,2,1,2,67,0,446,4,0,0,0,0,4,0,0,0,0,0,0,47,0,0,3,6,0,0,0,1,0,0,0,4,0,2,19,8,0,0,1,1,1,1,1,2,3,0,0,0,2,0,0,0,631,0,0.0345864661654135,0.0165413533834586,0.948872180451128,446.0,0.7068145800316957,0.6006339144215531,1.220223457841289,97.93984962406014,False,False,NORMAL,196,7.5077431,100.0024084,ศาลาประชาร่วมใจ (ช่องเตย),False,0,0,-1
กงหรา2,สมหวัง,3,partylist,election_day,396,376,18,2,0,4,0,0,3,0,2,0,0,40,0,230,5,0,1,0,0,2,0,0,0,0,0,0,53,0,0,1,0,0,0,1,0,0,0,0,5,0,0,18,6,1,0,0,0,1,0,1,1,1,0,0,0,0,0,0,0,376,0,0.0454545454545454,0.005050505050505,0.9494949494949496,230.0,0.6117021276595744,0.4707446808510638,1.4103760549597912,97.62626262626264,False,False,NORMAL,197,7.52108,100.008,ศาลาประจำหมู่บ้านบ้านสมหวังตก,False,0,0,-1
กงหรา2,สมหวัง,4,partylist,election_day,358,322,31,5,0,0,0,0,1,0,0,0,0,29,0,198,3,0,1,1,1,4,0,0,0,0,0,0,40,1,0,2,2,1,0,1,1,1,0,0,2,1,2,12,4,3,0,0,0,0,1,1,0,5,0,1,1,0,2,0,0,322,0,0.0865921787709497,0.0139664804469273,0.8994413407821229,198.0,0.6149068322981367,0.4906832298136646,1.5672124179112503,95.39106145251397,True,True,UNUSUAL_VOTING_PATTERN,198,7.5076504,99.9837692,โรงเรียนวัดหวัง,True,1,1,-1
กงหรา2,สมหวัง,5,partylist,election_day,413,394,9,10,1,1,0,0,1,1,1,0,0,50,0,230,7,0,0,0,0,3,0,0,0,0,0,0,58,0,1,3,3,0,0,1,0,0,0,0,4,0,0,21,0,2,0,0,0,1,0,1,0,3,0,0,0,1,0,0,0,394,0,0.0217917675544794,0.0242130750605326,0.953995157384988,230.0,0.583756345177665,0.4365482233502538,1.4597614487887198,98.42615012106538,False,False,NORMAL,199,7.507084499999999,99.9848915,ศาลาการเปรียญวัดสมหวัง,False,0,0,-1
กงหรา2,สมหวัง,6,partylist,election_day,374,347,16,11,0,0,1,0,1,0,2,0,0,43,0,239,0,0,1,1,0,1,0,1,0,1,0,0,19,1,0,3,3,0,1,0,0,0,1,0,3,0,3,10,3,1,0,1,0,0,1,0,1,3,0,0,0,1,1,0,0,347,0,0.0427807486631016,0.0294117647058823,0.927807486631016,239.0,0.6887608069164265,0.5648414985590778,1.3227025869275424,97.27272727272728,False,True,UNUSUAL_VOTING_PATTERN,200,7.4978326,100.015403,ศาลาประจำหมู่บ้านบ้านไสคุณเปลือย,True,1,0,-1
กงหรา2,สมหวัง,7,partylist,election_day,427,404,19,4,0,2,1,0,1,0,1,0,1,37,0,289,3,0,0,1,0,6,0,0,0,0,0,0,36,1,0,1,3,0,0,0,0,0,0,0,4,0,1,7,0,0,0,0,0,0,0,1,3,2,0,1,0,2,0,0,0,404,0,0.0444964871194379,0.009367681498829,0.9461358313817332,289.0,0.7153465346534653,0.6237623762376238,1.1891092928092768,97.58782201405153,False,False,NORMAL,201,7.4922222,100.0025,ศาลาประจำหมู่บ้านบ้านพรุนาแด้,False,0,0,-1
กงหรา2,สมหวัง,8,partylist,election_day,197,187,4,6,0,1,0,0,1,0,0,0,0,19,1,131,1,0,0,0,0,1,0,0,1,0,0,0,16,4,0,0,1,0,1,0,0,0,0,0,0,1,0,2,4,0,0,0,0,1,0,0,0,1,0,0,0,0,0,0,0,187,0,0.0203045685279187,0.0304568527918781,0.949238578680203,131.0,0.7005347593582888,0.5989304812834224,1.2127489443977486,98.3756345177665,False,False,NORMAL,202,7.550502400000001,100.0024084,ศาลาประจำหมู่บ้านบ้านทุ่งเลียบ,False,0,0,-1
ศรีนครินทร์,อ่างทอง,1,partylist,election_day,450,421,22,7,0,2,1,1,1,0,6,0,0,51,0,246,3,0,1,1,0,5,1,0,0,1,0,0,53,0,0,4,4,0,0,0,0,0,0,1,3,0,3,19,2,5,0,0,0,1,0,0,2,3,0,0,0,1,0,0,0,421,0,0.0488888888888888,0.0155555555555555,0.9355555555555556,246.0,0.5843230403800475,0.4584323040380047,1.5854309369917117,97.24444444444444,False,False,NORMAL,203,7.5629896,99.9241575,ศาลาประจำหมู่บ้านบ้านประดู่,False,0,0,14
ศรีนครินทร์,อ่างทอง,2,partylist,election_day,379,366,10,3,0,2,0,1,0,0,2,0,0,65,0,223,2,0,2,0,0,1,1,0,0,0,0,0,36,0,1,0,4,1,1,1,1,0,0,1,0,0,1,6,8,0,0,1,0,0,0,1,0,3,0,1,0,0,0,0,0,366,0,0.0263852242744063,0.0079155672823219,0.9656992084432716,223.0,0.6092896174863388,0.4316939890710382,1.4001375949669037,98.52242744063324,False,False,NORMAL,204,7.5564909,99.9744535,ศาลาอเนกประสงค์บ้านสวนหลวง,False,0,0,15
ศรีนครินทร์,อ่างทอง,3,partylist,election_day,498,476,16,6,1,0,0,1,0,0,5,0,0,49,0,324,4,0,0,0,0,2,0,0,0,0,0,0,36,2,1,3,4,0,0,0,0,0,0,0,4,0,2,18,7,0,0,1,0,0,1,0,2,7,0,0,0,2,0,0,0,476,0,0.0321285140562249,0.0120481927710843,0.9558232931726908,324.0,0.680672268907563,0.5777310924369747,1.3191022243896688,98.15261044176708,False,False,NORMAL,205,7.5564909,99.9744535,ศาลาประจำหมู่บ้านบ้านอ่างทอง,False,0,0,15
ศรีนครินทร์,อ่างทอง,4,partylist,election_day,538,516,14,8,1,1,0,0,2,0,1,0,0,2,1,308,4,0,0,2,0,2,0,0,0,0,0,0,117,0,1,1,5,0,0,0,0,0,0,42,0,2,0,12,4,1,0,1,0,0,0,0,0,6,0,0,0,0,0,0,0,516,0,0.0260223048327137,0.0148698884758364,0.9591078066914498,308.0,0.5968992248062015,0.3701550387596899,1.3126461833795218,98.40148698884758,False,False,NORMAL,206,7.5505741,99.9603319,ศาลาอเนกประสงค์บ้านโหล๊ะหนุน,False,0,0,-1
ศรีนครินทร์,อ่างทอง,5,partylist,election_day,300,295,5,0,0,0,1,2,2,0,5,0,0,23,0,165,2,0,0,1,0,3,0,2,0,0,0,0,33,1,1,1,16,0,0,0,0,0,0,0,1,0,3,22,3,0,0,0,0,2,0,1,0,5,0,0,0,0,0,0,0,295,0,0.0166666666666666,0.0,0.9833333333333332,165.0,0.559322033898305,0.447457627118644,1.7030437131329286,99.16666666666669,False,True,UNUSUAL_VOTING_PATTERN,207,7.5564909,99.9744535,ศาลาอเนกประสงค์บ้านปากแพรก,True,1,0,15
ศรีนครินทร์,อ่างทอง,6,partylist,election_day,223,217,3,3,1,0,0,0,0,0,3,0,2,17,0,138,1,0,0,0,0,0,1,0,0,0,0,0,21,0,0,1,0,0,0,0,0,0,0,0,2,0,3,9,3,1,0,0,0,1,0,0,2,9,0,1,0,0,0,1,0,217,0,0.0134529147982062,0.0134529147982062,0.9730941704035876,138.0,0.6359447004608295,0.5391705069124424,1.4828602905622732,99.05829596412556,False,False,NORMAL,208,7.5629896,99.9241575,ศาลาประจำหมู่บ้านบ้านเกาะเหรียง,False,0,0,14
ศรีนครินทร์,อ่างทอง,7,partylist,election_day,299,282,10,7,0,4,0,0,0,0,10,0,0,45,0,157,3,0,0,0,0,2,0,1,0,0,0,0,32,0,0,0,9,0,0,0,0,0,0,0,1,0,0,14,1,1,0,0,0,0,0,0,0,1,0,0,0,1,0,0,0,282,0,0.0334448160535117,0.0234113712374581,0.94314381270903,157.0,0.5567375886524822,0.3971631205673759,1.507123610721362,97.85953177257524,False,False,NORMAL,209,7.5564909,99.9744535,ศาลาอเนกประสงค์บ้านต้นตอ,False,0,0,15
ศรีนครินทร์,อ่างทอง,8,partylist,election_day,250,229,21,0,0,0,0,0,1,0,0,0,0,28,0,135,2,0,0,0,0,2,0,2,0,0,0,0,24,0,0,0,3,0,0,0,0,0,0,0,2,1,0,22,2,0,0,0,0,0,0,0,1,4,0,0,0,0,0,0,0,229,0,0.084,0.0,0.916,135.0,0.5895196506550219,0.4672489082969432,1.4356323380851972,95.8,True,True,UNUSUAL_VOTING_PATTERN,210,7.5564909,99.9744535,ศาลาอเนกประสงค์บ้านเกาะขัน,True,1,1,15
ป่าพะยอม,เกาะเต่า,1,partylist,election_day,530,495,26,9,0,0,0,0,1,0,1,0,0,56,0,282,7,0,0,0,0,10,2,0,0,0,0,0,63,1,0,1,4,0,0,0,1,1,1,0,2,2,6,31,2,1,0,1,0,2,2,1,0,13,0,1,0,0,0,0,0,495,0,0.0490566037735849,0.0169811320754716,0.9339622641509434,282.0,0.5696969696969697,0.4424242424242424,1.601499896236736,97.20754716981132,False,False,NORMAL,211,7.8113025,99.8459774,ศาลาประจำหมู่บ้านบ้านไร่เจ็ดสิบ,False,0,0,-1
ป่าพะยอม,เกาะเต่า,2,partylist,election_day,334,320,9,5,0,4,0,0,0,0,1,0,0,36,0,208,1,0,0,0,0,4,0,0,0,0,0,0,38,0,0,1,7,0,0,0,0,0,0,0,0,0,0,11,5,0,0,0,0,0,0,0,0,3,0,0,0,1,0,0,0,320,0,0.0269461077844311,0.0149700598802395,0.9580838323353292,208.0,0.65,0.53125,1.2687132558150225,98.35329341317365,False,False,NORMAL,212,7.8554397,99.9101915,ศาลาประจำหมู่บ้านบ้านห้วยกรวด,False,0,0,-1
ป่าพะยอม,เกาะเต่า,3,partylist,election_day,339,327,5,7,0,2,0,0,1,0,0,0,0,37,1,221,3,0,1,0,0,1,0,0,0,0,0,0,32,1,1,0,2,0,0,0,1,0,0,0,2,1,0,11,5,0,1,0,0,0,0,0,0,2,0,1,0,0,0,0,0,327,0,0.0147492625368731,0.0206489675516224,0.9646017699115044,221.0,0.6758409785932722,0.5626911314984709,1.2616221875141116,98.84955752212387,False,False,NORMAL,213,7.791444299999999,99.8295765,ศาลาประจำหมู่บ้านบ้านบางหล่อ,False,0,0,-1
ป่าพะยอม,เกาะเต่า,4,partylist,election_day,556,532,14,10,0,3,0,0,1,0,1,0,0,67,0,344,5,0,0,0,0,4,0,0,0,0,0,0,52,0,1,5,7,0,0,0,1,0,0,0,2,0,0,21,6,0,0,0,1,1,0,0,1,7,0,1,0,1,0,0,0,532,0,0.0251798561151079,0.0179856115107913,0.9568345323741008,344.0,0.6466165413533834,0.5206766917293233,1.3431664839052582,98.38129496402875,False,False,NORMAL,214,7.791444299999999,99.8295765,ศูนย์สาธิตการตลาดบ้านบางหล่อ,False,0,0,-1
ป่าพะยอม,เกาะเต่า,5,partylist,election_day,381,370,6,5,0,0,0,0,3,0,2,0,0,46,0,216,4,0,0,0,0,4,0,0,0,1,0,0,63,0,2,1,6,0,0,0,0,0,0,0,4,0,0,10,1,2,0,0,0,1,0,0,0,2,0,0,0,0,0,2,0,370,0,0.0157480314960629,0.0131233595800524,0.9711286089238844,216.0,0.5837837837837838,0.4135135135135135,1.4301668520942274,98.9501312335958,False,False,NORMAL,215,7.8265429,99.8689005,ศาลาประจำหมู่บ้านบ้านคลองใหญ่,False,0,0,16
ป่าพะยอม,เกาะเต่า,6,partylist,election_day,411,390,13,8,0,0,0,0,0,0,1,0,0,48,2,240,3,1,0,0,0,0,0,0,0,0,0,0,57,0,0,3,5,0,0,0,0,0,0,0,2,0,1,15,3,0,0,0,0,0,0,1,0,4,0,0,0,2,0,2,0,390,0,0.0316301703163017,0.0194647201946472,0.948905109489051,240.0,0.6153846153846154,0.4692307692307692,1.3475038661547132,98.02919708029196,False,False,NORMAL,216,7.8321524,99.8957282,ศาลาประจำหมู่บ้านบ้านไสเลียบ,False,0,0,-1
ป่าพะยอม,เกาะเต่า,7,partylist,election_day,352,340,8,4,0,1,0,0,0,0,0,0,0,42,0,219,0,0,0,0,0,1,0,0,0,0,0,0,42,0,1,0,6,0,0,1,0,0,1,0,3,0,0,4,7,0,0,0,0,3,0,0,1,7,0,0,0,1,0,0,0,340,0,0.0227272727272727,0.0113636363636363,0.9659090909090908,219.0,0.6441176470588236,0.5205882352941177,1.2868835386565376,98.63636363636364,False,False,NORMAL,217,7.8321524,99.8957282,ศูนย์เรียนรู้บ้านไสเลียบ,False,0,0,-1
ป่าพะยอม,เกาะเต่า,8,partylist,election_day,500,492,6,2,1,1,0,0,2,0,2,0,0,69,2,274,6,0,0,0,0,5,0,0,0,0,0,0,67,0,2,2,10,1,0,0,1,0,0,0,4,1,0,18,5,2,0,2,0,0,1,0,1,9,0,1,0,3,0,0,0,492,0,0.012,0.004,0.984,274.0,0.556910569105691,0.4166666666666667,1.621075403458026,99.32,False,False,NORMAL,218,7.77781,99.8342437,ศาลาประจำหมู่บ้านบ้านปากเหมือง,False,0,0,-1
ป่าพะยอม,เกาะเต่า,9,partylist,election_day,424,403,12,9,0,0,0,0,2,0,1,0,0,41,0,228,10,0,0,0,0,3,0,1,0,1,0,0,65,0,2,1,3,0,0,0,0,0,0,0,3,0,2,27,6,0,0,1,0,2,0,1,1,2,0,0,0,0,0,0,0,403,0,0.0283018867924528,0.0212264150943396,0.9504716981132076,228.0,0.56575682382134,0.4044665012406948,1.5297916085701484,98.16037735849056,False,False,NORMAL,219,7.7700709,99.8878507,ศาลาประจำหมู่บ้านบ้านประชาสามัคคี,False,0,0,-1
ป่าพะยอม,เกาะเต่า,10,partylist,election_day,380,364,11,5,1,4,0,0,0,0,2,0,1,65,0,184,10,0,0,0,0,4,1,0,0,0,0,0,42,0,1,0,7,0,0,1,0,0,0,0,3,0,0,23,5,0,0,0,0,1,1,0,1,6,0,0,0,1,0,0,0,364,0,0.0289473684210526,0.0131578947368421,0.9578947368421052,184.0,0.5054945054945055,0.3269230769230769,1.6905623914156105,98.28947368421052,False,False,NORMAL,220,7.784332600000001,99.8515593,ศาลาประจำหมู่บ้านบ้านหนำวัว,False,0,0,-1
ป่าพะยอม,เกาะเต่า,11,partylist,election_day,503,483,16,4,0,5,0,2,0,0,0,0,0,73,0,263,4,0,1,0,0,1,0,0,0,1,1,0,79,1,1,1,10,0,0,1,0,0,0,1,3,0,0,28,3,1,0,0,0,0,0,0,0,3,0,0,0,0,0,0,0,483,0,0.0318091451292246,0.0079522862823061,0.9602385685884692,263.0,0.5445134575569358,0.3809523809523809,1.4904510652631144,98.25049701789264,False,False,NORMAL,221,7.849026500000001,99.8403959,ศาลาประจำหมู่บ้านบ้านควนตะแบก,False,0,0,-1
ป่าพะยอม,เกาะเต่า,12,partylist,election_day,579,553,21,5,0,2,0,0,0,0,2,0,0,70,0,370,8,0,1,0,0,3,0,0,0,0,1,0,37,0,1,3,2,1,0,0,0,1,0,0,3,2,0,26,6,3,0,0,0,2,1,1,2,5,0,0,0,0,0,0,0,553,0,0.0362694300518134,0.0086355785837651,0.9550949913644214,370.0,0.6690777576853526,0.5424954792043399,1.323242912683774,98.01381692573402,False,False,NORMAL,222,7.819731300000001,99.9013657,ศาลาประจำหมู่บ้านบ้านห้วยปริง,False,0,0,-1
ป่าพะยอม,เกาะเต่า,13,partylist,election_day,658,635,19,4,1,3,0,0,3,0,4,2,1,63,0,360,8,0,0,1,0,7,1,0,0,0,0,0,103,3,0,2,6,0,0,0,0,0,0,0,6,0,1,29,11,1,1,2,0,1,0,0,2,12,0,1,0,0,0,0,0,635,0,0.0288753799392097,0.0060790273556231,0.9650455927051672,360.0,0.5669291338582677,0.4047244094488189,1.5969711182080373,98.43465045592706,False,False,NORMAL,223,7.8504642,99.8934354,ศาลาประจำหมู่บ้านบ้านเกาะยวน,False,0,0,-1
ป่าพะยอม,เกาะเต่า,14,partylist,election_day,493,471,14,8,1,1,0,0,1,0,4,0,1,57,0,309,4,0,1,0,0,3,0,0,0,1,0,0,46,0,1,0,1,0,0,0,1,0,0,0,2,1,0,18,8,0,0,1,0,1,0,0,0,8,0,0,0,0,0,0,0,471,0,0.0283975659229208,0.0162271805273833,0.9553752535496958,309.0,0.6560509554140127,0.535031847133758,1.315698596157474,98.2555780933063,False,False,NORMAL,224,7.76993,99.835768,ศาลาประจำหมู่บ้านบ้านห้วยไม้ไผ่,False,0,0,-1
ป่าพะยอม,เกาะเต่า,15,partylist,election_day,600,579,19,2,0,1,0,0,1,0,1,0,0,77,0,381,8,0,1,0,0,5,1,0,0,1,0,0,56,0,2,0,4,0,0,0,1,0,0,1,2,0,2,18,7,1,0,0,0,1,1,1,1,3,0,0,0,0,0,0,1,579,0,0.0316666666666666,0.0033333333333333,0.965,381.0,0.6580310880829016,0.5250431778929189,1.3052921907644528,98.35,False,False,NORMAL,225,7.838677,99.863101,ศาลาประจำหมู่บ้านบ้านนา,False,0,0,16
ศรีบรรพต,เขาปู่,1,partylist,election_day,359,345,7,7,0,0,0,0,1,0,1,0,0,53,2,192,3,0,0,0,0,2,0,0,1,0,1,0,41,0,0,1,5,0,0,0,0,0,0,1,2,0,0,23,6,0,0,0,0,0,1,1,0,2,0,1,0,4,1,0,0,345,0,0.0194986072423398,0.0194986072423398,0.9610027855153204,192.0,0.5565217391304348,0.4028985507246377,1.5611637136071692,98.6350974930362,False,False,NORMAL,228,7.704519400000001,99.8236533,ศาลาประจำหมู่บ้าน บ้านหน้าวัด หมู่ที่ 1,False,0,0,17
ศรีบรรพต,เขาปู่,2,partylist,election_day,494,466,21,7,1,0,0,0,2,0,0,0,1,92,0,257,5,0,1,0,0,6,0,0,0,0,3,0,40,1,2,1,2,0,0,0,0,0,0,0,1,0,6,28,6,0,0,0,0,1,0,1,0,6,0,1,0,1,0,0,1,466,0,0.0425101214574898,0.0141700404858299,0.9433198380566802,257.0,0.5515021459227468,0.3540772532188841,1.5487389729044996,97.59109311740892,False,False,NORMAL,229,7.664779900000001,99.8385881,ศาลาประจำหมู่บ้าน บ้านใสประดู่ หมู่ที่ 2,False,0,0,-1
ศรีบรรพต,เขาปู่,3,partylist,election_day,198,187,7,4,0,0,0,0,0,0,2,0,0,22,0,117,2,0,0,0,0,1,0,0,1,0,0,0,22,0,0,1,2,0,0,1,0,0,0,0,1,0,0,12,2,0,0,0,0,0,0,0,0,1,0,0,0,0,0,0,0,187,0,0.0353535353535353,0.0202020202020202,0.9444444444444444,117.0,0.6256684491978609,0.5080213903743316,1.3351499240148066,97.82828282828284,False,False,NORMAL,230,7.729098599999999,99.8041245,ศาลาประจำหมู่บ้าน บ้านควนลม หมู่ที่ 3,False,0,0,-1
ศรีบรรพต,เขาปู่,4,partylist,election_day,298,274,11,13,0,0,0,0,0,0,0,0,0,35,1,153,1,0,0,0,0,10,0,0,1,3,0,0,31,0,0,1,1,0,0,0,0,1,0,0,5,1,1,17,3,0,0,0,0,2,1,0,0,5,0,0,0,0,1,0,0,274,0,0.0369127516778523,0.0436241610738255,0.9194630872483222,153.0,0.5583941605839416,0.4306569343065693,1.6138193017874227,97.28187919463087,False,True,UNUSUAL_VOTING_PATTERN,231,7.7451902,99.8041245,ศาลาประจำหมู่บ้าน บ้านทุ่งยูง หมู่ที่ 4,True,1,1,-1
ศรีบรรพต,เขาปู่,5,partylist,election_day,253,233,9,11,0,0,0,0,1,0,1,0,0,30,0,153,1,0,0,0,0,1,0,0,0,0,0,0,13,0,0,3,4,0,0,0,0,0,0,0,1,0,0,10,6,0,0,0,0,1,0,0,2,4,0,1,0,1,0,0,0,233,0,0.0355731225296442,0.0434782608695652,0.9209486166007904,153.0,0.6566523605150214,0.5278969957081545,1.354102149139523,97.35177865612648,False,True,UNUSUAL_VOTING_PATTERN,232,7.717472799999999,99.8431866,ศาลาประจำหมู่บ้าน บ้านด่าน หมู่ที่ 5,True,1,0,-1
ศรีบรรพต,เขาปู่,6,partylist,election_day,499,471,18,10,1,2,0,0,1,0,0,0,0,94,0,249,6,0,0,0,0,9,0,0,0,0,0,1,52,0,0,1,2,1,0,1,1,0,0,0,2,0,2,28,5,2,0,1,1,1,1,0,1,4,0,1,0,0,0,1,0,471,0,0.0360721442885771,0.0200400801603206,0.9438877755511024,249.0,0.5286624203821656,0.3290870488322717,1.5885496073330283,97.79559118236472,False,False,NORMAL,233,7.7169567,99.8655158,ศาลาประจำหมู่บ้าน บ้านเหรียงงาม หมู่ที่ 6,False,0,0,-1
ศรีบรรพต,เขาปู่,7,partylist,election_day,361,348,11,2,0,0,0,0,0,0,0,0,0,38,0,193,3,0,1,0,0,4,0,0,0,0,0,0,56,1,0,1,3,0,0,0,0,0,0,0,2,0,1,28,4,0,0,1,1,1,1,0,0,6,0,1,0,2,0,0,0,348,0,0.0304709141274238,0.0055401662049861,0.96398891966759,193.0,0.5545977011494253,0.3936781609195402,1.530782722151211,98.36565096952909,False,False,NORMAL,234,7.741928,99.8292338,ศาลาประจำหมู่บ้าน บ้านเขาป้าแหร้ หมู่ที่ 7,False,0,0,-1
ศรีบรรพต,เขาปู่,8,partylist,election_day,435,405,17,13,0,3,0,0,2,0,0,0,1,47,0,261,1,0,1,0,0,1,1,1,0,1,0,0,44,1,0,0,6,0,0,1,0,0,6,0,2,1,2,11,3,0,0,1,1,0,0,2,0,2,0,0,0,1,0,1,0,405,0,0.0390804597701149,0.0298850574712643,0.9310344827586208,261.0,0.6444444444444445,0.528395061728395,1.4083260432716598,97.44827586206895,False,False,NORMAL,235,7.699030199999999,99.8292338,ศาลาประจำหมู่บ้าน บ้านป่าตอ หมู่ที่ 8,False,0,0,17
ศรีบรรพต,เขาปู่,9,partylist,election_day,290,278,2,10,0,0,0,0,0,0,0,1,0,47,0,176,2,0,1,0,0,5,0,0,0,0,0,0,27,0,0,1,3,0,0,0,0,0,0,0,0,0,0,6,5,1,0,1,0,0,0,0,0,1,0,0,0,0,0,0,1,278,0,0.0068965517241379,0.0344827586206896,0.9586206896551724,176.0,0.6330935251798561,0.4640287769784172,1.2697909591725147,98.96551724137932,False,True,UNUSUAL_VOTING_PATTERN,236,7.704519400000001,99.8236533,ศาลาประจำหมู่บ้าน บ้านในวัง หมู่ที่ 9,True,1,0,17
ศรีบรรพต,เขาปู่,10,partylist,election_day,283,271,8,4,0,0,0,0,0,0,2,0,0,31,0,148,7,0,0,0,0,2,0,0,0,0,0,0,49,1,0,2,1,0,0,0,0,0,0,0,1,1,1,13,2,1,0,0,5,1,0,0,0,3,0,0,0,0,0,0,0,271,0,0.0282685512367491,0.0141342756183745,0.9575971731448764,148.0,0.5461254612546126,0.3653136531365313,1.5408858650620223,98.30388692579506,False,False,NORMAL,237,7.704519400000001,99.8236533,ศาลาประจำหมู่บ้าน บ้านโหล๊ะปราง หมู่ที่ 10,False,0,0,17
ศรีบรรพต,เขาปู่,11,partylist,election_day,357,348,5,4,0,1,0,0,0,0,0,0,0,49,2,171,4,0,0,0,0,4,1,0,0,0,0,0,63,0,2,2,7,0,1,0,0,0,1,1,3,0,0,19,9,2,0,0,0,0,0,0,1,3,0,1,0,1,0,0,0,348,0,0.0140056022408963,0.011204481792717,0.9747899159663864,171.0,0.4913793103448275,0.3103448275862069,1.7041878549438274,99.07563025210084,False,False,NORMAL,238,7.704519400000001,99.8236533,ศาลาประจำหมู่บ้าน บ้านเขาปู่ หมู่ที่ 11,False,0,0,17
ศรีบรรพต,เขาย่า,1,partylist,election_day,404,385,15,4,0,2,0,0,1,0,3,0,1,65,1,192,3,0,0,0,0,0,1,0,0,0,0,0,65,0,0,4,3,0,0,0,1,0,0,1,3,0,2,19,6,2,0,0,0,2,0,1,0,6,0,0,0,0,0,1,0,385,0,0.0371287128712871,0.0099009900990099,0.9529702970297028,192.0,0.4987012987012987,0.3298701298701298,1.6575845989536484,97.94554455445544,False,False,NORMAL,239,7.728210699999999,99.9004167,ศาลาประจำหมู่บ้าน บ้านสำนักปราง หมู่ที่ 1,False,0,0,-1
ศรีบรรพต,เขาย่า,2,partylist,election_day,396,378,13,5,0,1,0,0,0,0,0,0,0,40,0,235,4,0,1,0,0,5,0,0,0,0,0,0,55,0,0,0,4,0,0,0,0,0,0,0,3,2,0,8,2,0,0,0,1,0,0,1,2,10,0,0,0,4,0,0,0,378,0,0.0328282828282828,0.0126262626262626,0.9545454545454546,235.0,0.6216931216931217,0.4761904761904761,1.3773282583588122,98.1060606060606,False,False,NORMAL,240,7.747962100000001,99.9157776,ศาลาประจำหมู่บ้าน บ้านสะพานยาง หมู่ที่ 2,False,0,0,-1
ศรีบรรพต,เขาย่า,3,partylist,election_day,537,524,9,4,2,1,0,0,2,0,3,0,0,58,0,362,5,0,2,0,0,3,1,1,0,0,0,1,42,2,3,2,6,0,0,1,0,0,0,0,2,1,0,6,8,0,0,0,0,1,0,0,0,7,0,1,0,1,0,0,0,524,0,0.0167597765363128,0.0074487895716946,0.9757914338919924,362.0,0.6908396946564885,0.5801526717557252,1.293412473261904,99.01303538175046,False,False,NORMAL,241,7.7458666,99.890643,ศาลาประจำหมู่บ้าน บ้านม่วง หมู่ที่ 3,False,0,0,-1
ศรีบรรพต,เขาย่า,4,partylist,election_day,474,453,17,4,0,2,0,1,0,0,3,0,1,53,1,276,8,0,1,0,0,5,0,0,0,0,0,0,50,0,1,2,4,1,0,2,1,0,0,0,0,1,1,24,2,2,0,0,0,0,1,0,1,3,0,2,0,3,0,1,0,453,0,0.0358649789029535,0.0084388185654008,0.9556962025316456,276.0,0.609271523178808,0.4922737306843267,1.519945704598321,98.0379746835443,False,False,NORMAL,242,7.7197137,99.9199675,ศาลาประจำหมู่บ้าน บ้านเขาย่าออก หมู่ที่ 4,False,0,0,-1
ศรีบรรพต,เขาย่า,5,partylist,election_day,451,431,19,1,0,0,0,0,0,0,1,0,1,58,0,281,0,0,2,0,0,3,0,0,0,1,1,0,46,0,0,1,1,0,0,0,0,0,0,0,0,0,0,19,3,1,0,0,0,1,0,0,2,6,0,0,0,2,0,0,1,431,0,0.0421286031042128,0.0022172949002217,0.9556541019955654,281.0,0.6519721577726219,0.5174013921113689,1.2553277764891946,97.84922394678492,False,False,NORMAL,243,7.7576419,99.9032094,ศาลาประจำหมู่บ้าน บ้านโหล๊ะเร็ดตกหมู่ที่ 5,False,0,0,-1
ศรีบรรพต,เขาย่า,6,partylist,election_day,496,476,17,3,0,0,0,0,2,0,1,0,0,45,0,325,2,0,0,0,0,5,0,0,0,0,0,1,39,1,1,0,3,0,0,1,0,0,0,0,2,1,0,22,5,0,1,1,0,1,1,2,1,7,0,0,0,6,0,0,0,476,0,0.034274193548387,0.0060483870967741,0.9596774193548387,325.0,0.6827731092436975,0.5882352941176471,1.309888115232788,98.16532258064515,False,False,NORMAL,244,7.710689700000001,99.9046058,ศาลาประจำหมู่บ้าน บ้านเขาย่าตก หมู่ที่ 6,False,0,0,-1
ศรีบรรพต,เขาย่า,7,partylist,election_day,552,525,16,11,2,1,0,0,1,0,0,0,1,75,0,292,3,0,0,0,1,10,0,1,0,0,0,1,46,1,1,1,11,1,0,0,0,0,0,0,4,0,1,34,9,4,0,1,0,0,2,0,2,16,0,0,0,2,1,0,0,525,0,0.0289855072463768,0.019927536231884,0.9510869565217392,292.0,0.5561904761904762,0.4133333333333333,1.671192567858219,98.15217391304348,False,False,NORMAL,245,7.729908200000001,99.8850586,ศาลาประจำหมู่บ้าน บ้านโพรงงู หมู่ที่ 7,False,0,0,-1
ศรีบรรพต,เขาย่า,8,partylist,election_day,537,519,13,5,2,1,0,0,0,0,1,0,0,48,0,344,6,0,1,0,0,5,0,0,0,0,1,0,53,0,0,3,4,0,0,0,0,0,0,0,2,0,0,29,5,0,0,1,0,2,0,3,2,5,0,1,0,0,0,0,0,519,0,0.0242085661080074,0.0093109869646182,0.9664804469273744,344.0,0.6628131021194605,0.5606936416184971,1.32772356857871,98.60335195530726,False,False,NORMAL,246,7.776026099999999,99.9199675,ศาลาประจำหมู่บ้าน บ้านโหล๊ะเร็ดออก หมู่ที่ 8,False,0,0,-1
ศรีบรรพต,เขาย่า,9,partylist,election_day,375,360,10,5,0,1,0,0,0,0,2,0,0,38,0,199,4,0,1,1,1,1,0,0,1,0,0,0,61,2,0,2,7,0,0,0,2,1,0,0,1,0,0,10,11,3,0,1,0,2,0,0,0,8,0,1,0,0,0,0,0,361,1,0.0266666666666666,0.0133333333333333,0.96,199.0,0.5527777777777778,0.3833333333333333,1.6290681845711623,78.12222222222223,False,False,INCOMPLETE_DOCUMENT,247,7.7206497,99.8865912,ศาลาประจำหมู่บ้าน บ้านสำนักวา หมู่ที่ 9,True,1,1,-1
ศรีบรรพต,เขาย่า,10,partylist,election_day,446,416,22,8,0,1,0,0,0,1,1,0,0,32,2,286,2,0,1,1,0,2,0,0,0,2,1,0,47,0,0,0,1,0,0,0,0,0,0,0,4,1,1,10,5,0,0,0,0,1,0,0,2,10,0,1,0,1,0,0,0,416,0,0.0493273542600896,0.0179372197309417,0.9327354260089686,286.0,0.6875,0.5745192307692307,1.2805658257983492,97.17488789237667,False,True,UNUSUAL_VOTING_PATTERN,248,7.737366799999999,99.9101915,ศาลาประจำหมู่บ้าน บ้านหูหนาน หมู่ที่ 10,True,1,0,-1
ควนขนุน,แพรกหา,1,partylist,election_day,622,593,21,8,0,0,0,0,0,0,5,0,0,87,1,273,5,0,0,0,0,3,0,2,1,0,0,0,162,0,0,3,7,1,0,1,0,0,0,0,4,0,0,22,5,3,0,0,0,0,0,0,1,4,0,1,0,0,0,2,0,593,0,0.0337620578778135,0.0128617363344051,0.9533762057877814,273.0,0.460370994940978,0.1871838111298482,1.539280839758126,98.05466237942125,False,False,NORMAL,249,7.666126299999999,100.0230734,ศาลาประจำหมู่บ้านบ้านม่วงเตี้ย,False,0,1,-1
ควนขนุน,แพรกหา,2,partylist,election_day,346,330,8,8,0,0,0,0,1,0,0,0,2,28,0,207,2,0,0,0,0,2,0,0,0,0,0,0,37,0,0,1,5,0,0,0,0,0,0,0,0,0,0,32,3,3,1,1,0,0,0,0,0,3,0,0,0,1,0,1,0,330,0,0.0231213872832369,0.0231213872832369,0.953757225433526,207.0,0.6272727272727273,0.5151515151515151,1.3634089835762595,98.3815028901734,False,False,NORMAL,250,7.6506734,99.988483,ศาลาประจำหมู่บ้านบ้านไสขาม,False,0,0,-1
ควนขนุน,แพรกหา,3,partylist,election_day,575,549,20,6,0,1,0,1,0,0,2,4,0,70,1,323,8,0,0,2,0,2,2,0,1,0,0,0,68,0,0,1,8,0,1,0,1,0,0,1,1,1,0,36,6,0,0,0,0,0,1,1,0,6,0,0,0,0,0,0,0,549,0,0.0347826086956521,0.0104347826086956,0.954782608695652,323.0,0.5883424408014571,0.4608378870673952,1.4895700147930615,98.05217391304348,False,False,NORMAL,251,7.6503234,99.9875214,ศาลาประจำหมู่บ้านบ้านแพรกหา,False,0,0,-1
ควนขนุน,แพรกหา,4,partylist,election_day,680,642,23,15,0,0,0,1,0,0,1,1,0,83,0,368,9,0,0,1,0,2,1,1,1,0,0,0,100,1,1,1,6,0,0,2,0,0,0,0,3,2,1,31,6,0,1,1,0,0,0,1,2,12,0,1,0,1,0,0,0,642,0,0.0338235294117647,0.0220588235294117,0.9441176470588236,368.0,0.573208722741433,0.4174454828660436,1.4990977389456694,97.86764705882354,False,False,NORMAL,252,7.6641667,100.0083333,ศาลา อพป.บ้านเขาโต๊ะบุญ,False,0,0,18
ควนขนุน,แพรกหา,5,partylist,election_day,677,643,25,9,1,0,0,0,0,0,7,0,1,80,0,358,5,0,0,0,0,10,0,0,0,0,0,0,111,0,0,2,15,0,0,0,0,0,0,2,1,0,2,22,5,0,0,2,0,1,1,1,3,8,0,1,1,1,0,0,2,643,0,0.0369276218611521,0.0132939438700147,0.9497784342688332,358.0,0.5567651632970451,0.3841368584758942,1.541138625724155,97.8877400295421,False,False,NORMAL,253,7.6511029,100.0082279,ศาลาประจำหมู่บ้านบ้านเขาพังอิฐ,False,0,0,18
ควนขนุน,แพรกหา,6,partylist,election_day,417,403,9,5,0,0,0,0,2,0,1,0,0,49,0,262,0,0,0,0,0,1,0,0,0,0,0,0,68,0,2,0,2,0,0,0,0,0,0,0,1,0,1,4,3,0,0,1,0,0,0,0,1,3,0,0,0,1,0,0,1,403,0,0.0215827338129496,0.0119904076738609,0.9664268585131894,262.0,0.6501240694789082,0.4813895781637717,1.1532102274438265,98.6810551558753,False,False,NORMAL,254,7.6520326,100.0080005,ศาลาประจำหมู่บ้านบ้านเขาป้าเจ้,False,0,0,18
ควนขนุน,แพรกหา,7,partylist,election_day,434,414,12,8,0,0,0,0,1,0,0,0,0,68,0,226,4,0,0,1,0,1,0,0,1,0,0,0,85,1,0,0,3,0,0,0,0,0,0,0,1,1,1,14,1,0,0,0,0,0,0,0,1,2,0,1,0,1,0,0,0,414,0,0.0276497695852534,0.0184331797235023,0.9539170506912442,226.0,0.5458937198067633,0.3405797101449275,1.3476850514209515,98.24884792626727,False,False,NORMAL,255,7.6520326,100.0080005,ศาลาประจำหมู่บ้านบ้านไสหยี,False,0,0,18
ควนขนุน,แพรกหา,8,partylist,election_day,385,371,8,6,1,0,0,0,0,0,1,0,0,34,2,220,1,0,0,0,0,5,0,1,0,0,1,0,68,0,0,3,3,0,0,0,1,0,0,0,0,1,0,12,0,0,0,0,0,1,0,1,0,6,0,0,0,2,1,0,0,365,6,0.0207792207792207,0.0155844155844155,0.9636363636363636,220.0,0.5929919137466307,0.4097035040431266,1.3755090505258132,77.03209997549621,False,False,INCOMPLETE_DOCUMENT,256,7.674832,100.003384,ศาลาประจำหมู่บ้านบ้านควนน้อย,True,1,1,18
ควนขนุน,แหลมโตนด,1,partylist,election_day,512,492,17,3,0,1,0,0,1,0,2,0,0,53,2,299,4,0,0,0,0,6,0,1,0,1,0,0,37,0,2,1,8,0,1,0,1,0,0,0,3,4,2,40,5,3,0,1,0,1,0,0,2,5,0,2,0,3,0,0,1,492,0,0.033203125,0.005859375,0.9609375,299.0,0.6077235772357723,0.5,1.5871101377904566,98.22265625,False,False,NORMAL,257,7.82855429999,100.0247788,ศาลาประจำหมู่บ้านบ้านกองเกวียน,False,0,0,19
ควนขนุน,แหลมโตนด,2,partylist,election_day,386,364,14,8,0,2,1,0,1,0,1,0,0,31,0,211,7,0,0,0,0,2,0,0,0,0,0,0,57,0,0,1,10,0,1,0,0,0,0,0,0,0,0,19,7,0,0,0,0,0,1,0,0,8,0,0,0,4,0,0,0,364,0,0.0362694300518134,0.0207253886010362,0.9430051813471504,211.0,0.5796703296703297,0.4230769230769231,1.5089235822243938,97.7720207253886,False,False,NORMAL,258,7.812371,100.049519,ศาลาประจำหมู่บ้านบ้านแหลมโตนด,False,0,0,-1
ควนขนุน,แหลมโตนด,3,partylist,election_day,326,313,9,4,0,0,0,0,0,0,0,0,0,34,1,206,2,0,1,0,0,1,0,0,0,0,0,1,31,1,1,0,5,0,0,0,0,0,0,0,1,1,0,19,1,0,0,0,0,0,0,0,0,5,0,0,0,1,0,1,0,313,0,0.0276073619631901,0.0122699386503067,0.9601226993865032,206.0,0.65814696485623,0.549520766773163,1.2819304556000064,98.37423312883436,False,False,NORMAL,259,7.838152273124791,100.0744355760674,ศาลาประจำหมู่บ้านบ้านมาบเนียน,False,0,0,-1
ควนขนุน,แหลมโตนด,4,partylist,election_day,590,555,29,6,0,2,0,1,0,0,1,0,1,60,2,306,5,0,0,1,0,7,0,0,0,1,0,0,92,0,1,1,3,0,0,0,1,0,0,0,3,0,3,35,6,1,0,1,3,1,1,3,4,8,0,0,0,1,0,0,0,555,0,0.0491525423728813,0.0101694915254237,0.940677966101695,306.0,0.5513513513513514,0.3855855855855856,1.613795057129315,97.33898305084746,False,False,NORMAL,260,7.838233,100.0031462,ศาลาประจำหมู่บ้านบ้านเตง(โคกถิน),False,0,1,-1
ควนขนุน,แหลมโตนด,5,partylist,election_day,305,290,10,5,0,1,1,0,1,0,0,1,0,41,0,180,7,0,0,0,0,5,0,0,0,0,0,0,23,0,0,2,4,0,0,0,0,0,1,0,2,0,1,13,3,0,0,0,0,0,0,0,0,2,0,0,0,1,0,1,0,290,0,0.0327868852459016,0.0163934426229508,0.9508196721311476,180.0,0.6206896551724138,0.4793103448275862,1.438440045367119,98.0327868852459,False,False,NORMAL,261,7.828554299999999,100.0247788,ศาลาประจำหมู่บ้านบ้านหนองสามก้อน,False,0,0,19
ควนขนุน,แหลมโตนด,6,partylist,election_day,224,217,7,0,0,1,0,0,0,0,0,0,0,17,0,140,3,0,0,0,0,2,0,0,0,0,0,0,11,0,0,0,2,0,0,0,0,0,0,0,1,0,1,28,3,0,0,0,0,0,1,0,1,4,0,2,0,0,0,0,0,217,0,0.03125,0.0,0.96875,140.0,0.6451612903225806,0.5161290322580645,1.3431744293017776,98.4375,False,False,NORMAL,262,7.828554299999999,100.0247788,ศาลาประจำหมู่บ้านบ้านทุ่งใน,False,0,0,19
ควนขนุน,แหลมโตนด,7,partylist,election_day,323,313,8,2,0,0,0,0,0,0,0,0,0,28,1,233,2,0,0,0,0,1,1,0,0,0,0,0,12,0,0,1,3,0,0,0,2,0,0,0,1,0,1,17,6,0,0,0,0,0,0,0,1,2,0,0,0,1,0,0,0,313,0,0.0247678018575851,0.0061919504643962,0.9690402476780186,233.0,0.744408945686901,0.6549520766773163,1.0830004129783066,98.63777089783282,True,True,UNUSUAL_VOTING_PATTERN,263,7.8338149,100.0298974,ศาลาประจำหมู่บ้านบ้านบนลาน,True,1,0,19
ควนขนุน,แหลมโตนด,8,partylist,election_day,276,263,13,0,1,0,0,1,0,0,0,0,0,37,0,143,3,0,0,0,0,6,0,0,0,1,0,0,47,0,0,0,5,0,0,0,0,0,0,0,1,0,1,9,3,0,0,1,0,0,1,0,2,0,0,0,0,0,0,0,1,263,0,0.0471014492753623,0.0,0.9528985507246376,143.0,0.5437262357414449,0.3650190114068441,1.5006771582535472,97.64492753623188,False,False,NORMAL,264,7.828554299999999,100.0247788,ศาลประจำหมู่บ้านบ้านเสือสะอาด,False,0,0,19
ควนขนุน,แหลมโตนด,9,partylist,election_day,232,223,6,3,0,2,0,0,0,0,0,0,0,23,0,156,1,0,0,0,0,2,0,0,0,0,0,0,15,0,0,0,3,1,0,0,0,0,0,0,1,0,0,14,0,0,0,0,0,0,0,3,1,0,0,0,0,1,0,0,0,223,0,0.0258620689655172,0.0129310344827586,0.961206896551724,156.0,0.6995515695067265,0.5964125560538116,1.1613165150354845,98.44827586206895,False,False,NORMAL,265,7.8338149,100.02598974,ศาลาประจำหมู่บ้านบ้านในตลาด,False,0,0,19
ควนขนุน,โตนดด้วน,1,partylist,election_day,262,248,7,7,0,0,0,0,1,0,0,0,1,28,0,112,4,0,0,0,0,1,1,0,0,1,0,0,68,0,0,1,7,1,0,0,0,0,0,0,0,0,0,11,1,1,0,0,0,0,0,5,0,3,0,0,0,1,0,0,0,248,0,0.0267175572519083,0.0267175572519083,0.9465648854961832,112.0,0.4516129032258064,0.1774193548387097,1.619934606089356,98.1297709923664,False,True,UNUSUAL_VOTING_PATTERN,266,7.7160528,100.0191857,ศาลาประจำหมู่บ้านบ้านไสคำ,True,1,1,0
ควนขนุน,โตนดด้วน,2,partylist,election_day,596,559,37,0,0,0,0,0,0,0,6,0,2,86,0,248,5,1,0,1,0,1,1,0,0,0,0,0,145,1,1,2,3,0,1,1,0,0,0,1,3,2,2,34,4,0,0,0,0,1,0,2,0,3,0,1,0,1,0,0,0,559,0,0.0620805369127516,0.0,0.9379194630872484,248.0,0.443649373881932,0.184257602862254,1.615793921741359,96.89597315436242,False,True,UNUSUAL_VOTING_PATTERN,267,7.713701899999998,100.0255558,ศาลาประจำหมู่บ้านบ้านโคกโดน,True,1,1,0
ควนขนุน,โตนดด้วน,3,partylist,election_day,246,235,11,0,0,0,0,0,0,0,2,0,0,23,0,129,2,0,1,0,0,1,0,0,0,0,0,0,51,0,0,2,2,0,0,0,0,0,0,0,1,0,2,13,2,0,0,0,0,0,0,1,1,1,1,0,0,0,0,0,0,235,0,0.0447154471544715,0.0,0.9552845528455284,129.0,0.548936170212766,0.3319148936170212,1.454405164307197,97.76422764227642,False,False,NORMAL,268,7.7243442,100.0433388,ศาลาประจำหมู่บ้านบ้านหนองฟ้าผ่า,False,0,0,-1
ควนขนุน,โตนดด้วน,4,partylist,election_day,231,226,4,1,0,0,0,0,0,0,1,0,0,29,0,111,2,0,0,0,0,1,1,0,0,0,0,0,52,0,0,0,8,0,0,0,1,0,0,0,1,0,0,15,1,0,0,0,0,0,0,0,1,1,0,0,0,1,0,0,0,226,0,0.0173160173160173,0.0043290043290043,0.9783549783549784,111.0,0.4911504424778761,0.2610619469026549,1.5067443599244854,99.04761904761904,False,False,NORMAL,269,7.7285293,100.0221358,ศาลาประจำหมู่บ้านบ้านป่าตอ,False,0,0,0
ควนขนุน,โตนดด้วน,5,partylist,election_day,558,535,14,9,0,0,0,0,1,0,2,0,0,58,0,284,4,0,0,0,0,2,0,0,0,1,0,0,139,0,3,2,6,0,0,0,0,0,0,0,1,1,1,20,3,0,0,0,0,0,1,1,0,3,0,0,0,2,0,0,0,535,0,0.025089605734767,0.0161290322580645,0.9587813620071683,284.0,0.5308411214953271,0.2710280373831775,1.3900250221706585,98.42293906810036,False,False,NORMAL,270,7.7160528,100.0191857,ศาลาประจำหมู่บ้านบ้านวังจระเข้,False,0,0,0
ควนขนุน,โตนดด้วน,6,partylist,election_day,226,208,12,6,0,0,1,0,0,0,1,0,0,31,0,110,0,0,0,0,0,0,0,0,0,0,0,0,49,0,0,0,0,0,0,0,0,0,0,0,1,0,0,8,0,0,0,0,0,0,1,0,2,1,0,1,0,1,0,1,0,208,0,0.0530973451327433,0.0265486725663716,0.9203539823008848,110.0,0.5288461538461539,0.2932692307692308,1.3364444985561996,96.81415929203538,False,True,UNUSUAL_VOTING_PATTERN,271,7.7160528,100.0191857,ศาลาประจำหมู่บ้านบ้านหนักกุล,True,1,1,0
ควนขนุน,โตนดด้วน,7,partylist,election_day,705,680,13,12,0,3,0,0,3,0,6,0,2,79,1,292,4,0,0,0,0,8,2,0,0,0,0,0,211,0,0,3,10,0,0,0,0,0,0,0,5,0,1,22,5,1,0,0,0,0,0,3,3,8,0,1,0,6,0,1,0,680,0,0.0184397163120567,0.0170212765957446,0.9645390070921984,292.0,0.4294117647058823,0.1191176470588235,1.6416033134742665,98.73758865248227,False,False,NORMAL,272,7.691745399999999,100.0315103,ศาลาประจำหมู่บ้านบ้านโคกโพธิ์,False,0,1,-1
ควนขนุน,โตนดด้วน,8,partylist,election_day,341,328,11,2,0,0,0,1,0,0,2,0,0,38,1,135,3,0,0,1,0,3,1,0,0,1,0,0,116,0,0,2,2,0,0,0,2,0,0,0,1,0,1,11,0,0,0,0,0,1,0,0,0,3,0,1,0,2,0,0,0,328,0,0.032258064516129,0.0058651026392961,0.9618768328445748,135.0,0.4115853658536585,0.0579268292682926,1.5398042738368165,98.26979472140762,False,True,UNUSUAL_VOTING_PATTERN,273,7.7160528,100.0191857,ศาลาประจำหมู่บ้านบ้านไสโดน,True,1,1,0
ควนขนุน,โตนดด้วน,9,partylist,election_day,431,406,16,9,0,4,0,0,0,0,0,1,0,57,1,190,3,0,2,0,0,1,0,0,0,0,0,1,94,0,0,2,12,0,0,0,0,0,0,1,1,0,1,20,3,0,0,1,0,1,0,2,2,3,0,0,0,2,0,1,0,406,0,0.037122969837587,0.0208816705336426,0.9419953596287703,190.0,0.4679802955665024,0.2364532019704433,1.6552302762838265,97.7262180974478,False,False,NORMAL,274,7.7160528,100.0191857,ศาลาประจำหมู่บ้านบ้านโตนดด้วน หมู่ที่ 9,False,0,1,0
ควนขนุน,โตนดด้วน,10,partylist,election_day,280,271,7,2,0,0,0,0,1,0,0,0,1,25,0,156,1,0,0,0,0,1,0,0,0,0,1,0,48,0,1,1,6,1,0,0,0,0,0,0,1,0,0,9,5,0,0,0,0,0,0,0,1,6,0,2,0,4,0,0,0,271,0,0.025,0.0071428571428571,0.9678571428571427,156.0,0.5756457564575646,0.3985239852398524,1.5049901217256632,98.60714285714286,False,False,NORMAL,275,7.7160528,100.0191857,ศาลาประจำหมู่บ้านบ้านตีนคลอง,False,0,0,0
ควนขนุน,โตนดด้วน,11,partylist,election_day,374,356,11,7,0,0,0,0,1,0,0,0,0,42,0,166,5,0,1,0,0,0,0,0,0,1,0,0,101,0,0,0,3,0,0,2,0,0,0,0,1,0,1,12,2,0,0,0,1,1,0,0,0,6,0,1,0,9,0,0,0,356,0,0.0294117647058823,0.0187165775401069,0.9518716577540108,166.0,0.4662921348314606,0.1825842696629213,1.5317865117640537,98.15508021390374,False,False,NORMAL,276,7.7160528,100.0191857,ศาลาประจำหมู่บ้าน หมู่ที่ 11 บ้านไสเหรียง,False,0,1,0
